3.330772,-0.45312588,0,0.70446964
1.1086099,1.0486467,0,0.82005824
1.5823792,0.61434396,1,-1.4158421
2.5698961,2.0403928,-1,1.5274993
1.6901942,-0.17262208,0,1.2713711
1.1046613,0.33333161,-1,0.70370949
1.2696236,-0.2594065,1,0.40209716
2.2055029,-1.0011028,1,0.12031226
2.5127429,2.0086216,0,-0.47430852
2.2628064,-0.4286019,1,0.4397403
2.4706173,-0.1891332,-1,-1.2417421
2.9051412,-0.72105873,-1,-2.1740709
2.0530848,0.1663471,1,0.24449098
3.8249049,-0.8505153,-1,0.32000907
0.58552841,-2.3347868,0,0.67060906
2.5068393,0.29461866,0,0.45548548
-0.052430114,1.0431554,1,0.83504456
2.2024436,-0.61480941,0,-0.42863592
-0.17680031,1.0391592,1,-2.1148288
1.4601171,-0.43297874,-1,0.70209002
1.4311705,-0.72151543,-1,0.38476591
1.7819383,-1.3411264,0,-1.3888708
1.4624046,-0.97157409,0,0.14293849
2.827655,0.15690319,-1,0.22614459
1.3958559,0.6833014,0,0.39487966
-0.18427014,1.1726186,1,1.2828909
-1.3784199,2.1253754,0,-2.7714942
2.9089812,0.62407724,0,-0.69752545
1.7296355,1.0506344,1,0.55898291
3.0892074,1.2262969,0,-0.6284224
1.9542148,-0.77352067,1,-1.2035313
2.9223798,0.77307702,0,1.0662864
0.48609768,-0.53130602,1,-0.089518658
1.4148566,1.3044494,-1,0.1410833
1.4324477,1.3271773,-1,-1.0078272
0.83290543,-1.7679642,0,-0.32586253
3.2418981,0.268706,-1,-2.0013701
3.742002,1.3911485,0,-0.49246622
2.0095335,-0.20076328,0,-0.62412311
0.89922288,-0.50402977,0,1.2765897
1.1622684,-0.39175453,0,-1.2571863
1.191291,0.71090329,1,-1.126291
0.98212423,1.0216717,-1,-0.63094796
4.1965904,-1.0511412,1,0.48651746
0.83467896,0.95223703,-1,-1.5469425
1.6357236,-0.070112123,0,-0.52338521
1.2025223,-0.8655481,1,1.9943205
3.7023354,0.43999554,1,-0.83671291
2.7019738,-2.062584,-1,-1.6417662
1.4159593,0.58244289,1,-0.12222308
2.8818189,0.25353273,1,0.58436984
2.8642581,-0.14693564,0,0.38607663
1.2718702,-0.48419543,1,-0.99481857
2.864285,-1.6284809,1,-1.1925689
2.4194992,-0.81149451,-1,0.48841211
3.0403981,-2.0672769,1,1.1329829
1.5328294,1.3731374,1,1.0287918
2.000621,0.63276501,1,1.6190534
3.3035303,-1.4270606,-1,0.39545277
3.2858237,-0.2157904,-1,-1.4030175
1.7106219,0.60223109,-1,-0.53066916
1.014817,1.3096059,0,0.019617718
2.0445322,-0.48363406,0,2.3132807
3.6801799,-0.49623829,0,2.5405136
1.2999909,0.20275154,1,0.42079984
1.7831955,-1.3796267,1,-0.14792569
2.1877971,0.42035415,1,-0.11226158
1.1587382,0.09677238,1,-1.5399265
0.95030609,2.3169133,1,0.39092196
1.3632707,-0.80892327,0,-0.25771017
2.0817753,-1.3635865,0,-0.3187511
3.7299846,0.30406605,1,-0.032121189
1.5313111,1.5758824,-1,-0.51333409
2.1571591,-0.094103507,1,-0.64968196
2.830906,-0.73950833,1,0.85253327
0.79183647,-0.94686478,0,-1.0969466
2.6987072,1.3855404,0,1.7500844
3.3361352,-0.5880926,0,0.19000888
1.6397864,-0.71753192,1,0.14940225
1.5923297,-1.4105515,1,1.6011349
2.5160218,0.89777175,0,-1.7386388
1.2420127,-0.066658328,1,0.24380358
0.91259664,-0.33246424,1,-0.39547846
1.3893366,0.6672548,1,-0.86081925
2.5344684,-1.3437936,1,-0.056751461
1.2744394,-0.49918368,0,0.089788851
2.0551058,0.68961103,0,0.19020516
2.7632558,1.9591561,0,-1.0790836
1.9809051,0.084696081,-1,2.6956349
3.8724821,-0.29623459,0,-0.84028911
2.5785857,0.26533655,1,-1.3788958
2.0815382,1.3092015,0,0.20776062
1.3244093,1.5394967,0,1.7514347
1.8283847,0.89137589,0,-1.6184227
0.39139685,0.32890015,-1,0.45115436
0.092569467,-0.31203059,1,-1.2702836
1.1023977,-0.40050304,0,-0.48868781
2.9386543,-0.39052777,1,0.16495567
2.4612528,-1.7080007,0,0.046488422
0.5622415,0.16110414,0,1.719136
2.7763592,-1.228359,-1,0.029965515
2.6424515,-0.7616336,0,0.059320945
1.1876609,-0.52134495,0,-0.57287243
2.2696629,-0.3384679,1,1.2103653
0.82227808,-0.40733193,0,0.4937344
0.67302094,-1.3343082,1,0.27768984
3.8317042,0.98349575,-1,-1.7794336
1.0386091,-0.043618905,-1,-0.004710401
2.305117,0.077113106,0,0.67976334
3.7015501,0.62642095,0,0.71396991
3.1953169,0.24639827,-1,0.50220227
2.1366629,0.96320491,1,0.2863027
2.6011491,-1.0911292,0,-1.4892796
1.309789,-1.7048802,0,0.54862204
2.2211095,0.90290044,1,0.60238565
0.05602831,-0.32111981,-1,0.12704728
0.81410141,-0.61950956,1,0.47155712
2.7345923,-1.2289981,1,0.80051532
1.6762704,0.77956019,1,-1.8991966
1.6216856,-1.4907355,-1,-0.89994272
1.9353074,-0.11717258,0,0.15436201
1.5111305,-1.4186201,-1,-0.80013554
1.7374903,0.016969525,1,-0.25922937
2.5266072,-1.3814146,-1,1.3796409
2.9058053,-0.8641205,0,-0.40173581
1.6803378,-0.25182854,0,-1.0726286
1.1418806,-1.186326,0,-3.687833
3.4370493,-0.30960663,-1,0.2355144
2.2356352,-0.71835857,1,0.26089136
1.9446754,0.14364913,1,-0.27285314
2.0638467,-0.28311766,0,-0.67181914
1.2813877,1.3363458,1,0.38125693
1.0145801,0.66644142,1,-1.0868975
1.7249713,-0.37190426,-1,-0.35765367
1.0055562,1.7416672,1,0.2817533
1.7883367,-0.78482913,1,1.3428093
2.8478574,1.0652832,-1,0.31517328
0.99405618,0.010100685,-1,-0.19391999
-0.033595564,0.48149061,0,-0.044287945
2.8925074,0.93382267,0,1.6384083
2.0822055,-0.5638939,1,-0.31865219
1.5329406,-0.71080741,1,0.10457857
1.0368605,-0.096783967,1,0.82986735
1.5563653,-0.64406851,0,0.89449452
1.2650706,1.01753,0,0.62412879
2.6677632,0.34579946,0,0.22643507
2.0927732,-0.47925782,0,-0.31627654
2.3484511,-0.77431905,0,-0.11068257
3.1131301,-0.096941114,1,-0.41920192
2.3503255,1.5281343,-1,-0.14727985
2.1217238,0.2493281,-1,-1.6797423
3.473376,-0.31706165,-1,-0.34495547
1.9458518,0.68398141,0,0.6433867
0.67687354,0.23025277,0,0.40247407
4.8147467,-0.8479234,-1,0.33212829
1.3621144,0.70621549,1,0.61885713
3.577333,-1.0924115,-1,1.3948622
1.8823884,0.68599962,1,-0.38909931
2.1882326,0.58389958,1,1.1948619
3.821059,-1.4745033,1,0.083927639
2.115906,0.20193537,1,-0.56324338
2.7360201,0.41571644,0,0.91411467
0.84938694,0.71115689,-1,0.30520261
1.8921305,-0.14204965,0,-0.74806317
0.5207948,0.52531414,0,-0.86691592
3.1862652,-0.10626304,-1,0.46367681
3.0987513,-0.66515188,0,-0.93260174
2.6799463,0.85045923,-1,-0.47748833
3.146077,0.28612746,1,1.3548101
0.67902208,-1.9429474,0,0.97830069
2.3482451,0.31731901,0,0.98292723
2.5319559,1.317453,1,0.611164
1.0873351,-0.75009822,1,-0.62138514
1.8973428,-1.1365265,-1,0.25793677
1.7580785,-0.49430048,0,0.90788061
1.8234749,-0.4955517,1,0.56787297
1.2645943,-0.79455519,0,0.19257727
2.0422105,-0.1323456,-1,-0.5262561
1.7984691,-1.3264855,0,0.18974724
2.0362542,-0.48270134,1,-0.33999204
2.1686628,0.97560799,1,-0.030476713
4.5077394,-1.3121505,-1,-0.58914565
1.5225978,-1.7853835,1,-2.0496681
1.3296604,-0.59025988,-1,0.4702628
3.0573436,2.2834906,0,-1.3401082
1.543761,-2.1120529,0,-0.62171818
3.0028171,1.0267002,1,-1.2817738
2.1339699,-1.5992027,1,0.27847719
1.6340929,0.1969968,0,-0.023995466
2.6523902,0.19212458,1,0.1142654
1.148884,1.1612695,-1,-0.65929921
2.4522846,0.1049543,0,-0.080428714
3.6332251,-0.076204757,0,1.3260939
1.9476315,-0.49406985,0,1.0863148
1.8210816,0.49090395,-1,1.3635529
3.0760586,0.77847203,-1,-0.51157249
1.1360948,1.4260326,1,1.1330111
1.2908566,0.3724897,-1,-0.038430023
1.1550919,-0.54564647,0,-1.6402075
3.0068113,-0.82477339,1,-0.57328884
1.6226107,0.75680782,-1,-1.5405922
3.2404398,-0.99871887,1,-0.3096585
1.9698525,-0.59471929,0,0.32031206
2.0849781,0.044752804,0,-0.45893052
0.60369195,-0.032443673,-1,1.8017278
0.95843374,-1.3930113,0,-0.91571373
1.9932236,0.2127377,-1,0.1132704
2.0826371,1.0331369,1,-1.100574
3.0893808,0.56249844,0,0.18801536
2.4094636,-0.25469168,0,1.9362896
3.1062727,-1.0879231,1,-0.24181251
0.76609213,1.6331294,0,-0.55178909
3.6955923,-1.330784,1,0.5475103
1.479697,-1.040831,0,-1.4690351
3.0363188,0.87780016,0,0.98777409
1.3205667,0.26937776,-1,0.77299629
0.74963247,-0.94515357,-1,-2.179584
0.78627629,0.45960474,0,1.1733664
1.8389551,-1.4178848,1,2.8741831
0.44452625,-1.3254105,-1,1.0016044
0.23338439,-1.8054447,0,-0.30611064
2.3625254,-0.38273435,0,-0.69381959
3.2468601,0.48652347,-1,0.48088417
3.3140145,0.32902633,-1,-1.810256
2.1191644,-0.35141222,0,-0.51292028
3.1756279,-1.7315657,0,-1.5787577
1.9268916,-0.091113291,0,1.7147205
1.8150625,0.15277913,1,-0.094869987
3.5116305,0.57719332,1,-1.1760122
1.3369505,-1.0886656,-1,-1.0876483
1.874482,1.0558792,-1,-0.55508383
0.55316224,-0.53859639,0,2.2373182
0.69829859,-0.57487124,1,-0.99267183
2.540112,-0.59332909,0,0.76937424
2.2511835,-0.83178665,0,-0.31623632
2.3198141,-0.26208981,-1,1.3480884
1.7144478,0.80409804,1,0.10364157
2.5236412,-0.33812292,0,1.7465122
2.2741683,0.15037318,0,-0.61098454
1.0591624,0.68668652,1,1.729681
0.44043789,1.2622857,-1,0.010545022
0.97949243,-1.3888099,-1,0.27764454
3.0081478,-0.67362219,0,-0.85754857
2.4399494,-0.33657137,0,0.007093471
3.3161764,-0.57455822,1,-1.0898782
1.913888,0.38221301,0,-0.73683274
0.75187049,0.36994074,0,-0.54546864
1.6123254,1.0546317,-1,0.097558735
1.3763347,1.301757,0,-1.2647108
2.5484189,-0.90305829,0,1.5169905
2.0175456,-0.97171323,0,-0.52987734
1.4694182,-0.031822497,1,1.3502188
1.2421587,-0.93735064,1,-2.0560709
3.3439641,0.61407759,1,-2.7476297
1.2948448,1.2440338,-1,-0.37786214
0.51484961,-0.040716017,0,-0.73383588
1.6935652,0.78753372,0,-0.92581706
2.2780349,1.5085206,-1,0.51195831
3.9427071,0.78293089,1,-0.44340646
3.3803472,-0.7062914,1,0.35811331
0.78722468,1.215879,-1,-0.89209337
1.6548129,-0.53691388,-1,0.074356948
3.8481949,0.57442707,-1,1.8289862
1.3144363,-0.25191857,1,0.61435529
1.7534732,1.59052,1,1.2139157
-1.0187066,-1.3064766,0,-1.3774246
2.6437386,-0.91715047,0,1.3987267
1.644722,-0.81629657,1,-0.44369895
3.2187876,0.74936939,-1,-0.86007205
1.4237743,0.271921,-1,-1.6973573
2.1451568,0.15874026,0,-1.0872577
1.5951481,-1.1502496,-1,-1.1371918
1.2857224,-1.4976242,1,0.18203916
1.0675715,0.65139454,0,0.50518298
1.0931238,0.66499291,-1,-0.52830857
2.3713087,-0.32752789,1,-0.63921942
3.4135752,1.6103721,-1,0.17863137
3.0618289,-0.02902893,1,0.3607624
1.3515362,1.7301723,1,0.028522396
1.7323352,0.31321763,0,-0.40584812
0.68299799,0.41742961,1,-0.71152062
0.84169546,0.26563791,0,-0.51640754
1.6317838,0.009772876,-1,-0.4028384
1.8709778,1.0196519,0,0.73520917
2.4653417,-2.1318792,-1,-0.82298436
2.270737,-0.77181124,1,-0.18914196
0.83243515,0.9328299,1,0.080905522
2.7034972,0.64651655,0,0.007659706
0.67524179,-0.27302848,0,-0.65323936
4.4585019,-0.77604081,1,-0.97803615
2.5527609,0.16550439,0,0.330448
2.736022,-1.0391296,0,1.3064098
2.2634456,-2.1832321,0,1.3665898
1.1671807,0.99762315,-1,2.4615349
0.70323767,0.96911619,1,-0.71396215
0.96113674,0.49516651,-1,0.82492316
-0.42323851,-0.36009302,1,1.2627039
1.6574741,-0.004873785,-1,-0.38781261
1.9268599,0.51258813,0,0.66749654
3.1326889,1.9336227,1,-0.14312967
0.76355968,1.5721673,0,1.1787447
1.6911845,-0.39766274,0,-0.78428866
1.6531519,2.562358,0,-1.0213544
3.4325958,-0.49791573,1,1.4825801
3.2021308,0.91204232,-1,0.53966527
3.0673484,-0.91958672,0,-1.9856697
1.5295388,-0.64960522,1,0.20256483
2.1271055,0.073164063,1,-0.80786944
2.6023564,0.062284946,1,0.4765014
1.8418253,0.041510386,-1,-0.29768136
0.83164699,-0.017335832,1,-1.3591103
2.2009947,0.30878727,-1,0.13748901
2.0496932,-1.1879149,1,0.23386883
1.6381158,1.6983817,1,-0.61127468
2.0952496,0.49626805,0,0.55559366
1.0344062,1.3297378,0,-0.52519742
2.1970109,-1.1655779,0,1.9928332
3.1041823,0.039557813,-1,-0.94608301
1.9707225,-0.64912134,0,0.002326447
0.99417104,-0.030446366,0,1.3799581
2.3339338,-0.40015082,1,-1.9432863
2.6579104,1.2700528,1,-0.18345085
1.6131182,1.1811514,0,0.65845331
2.4748572,1.4013203,-1,0.84904737
1.4041293,0.56082373,0,-1.6022606
0.65341052,0.5213272,0,0.36644147
0.8118531,0.063527311,1,-0.95392335
1.4685268,1.1157977,1,-1.5618978
3.4680483,1.3660218,0,-1.5845187
1.6070374,0.97914244,0,0.79819408
1.9148351,-0.56564237,1,0.73856445
2.6682942,1.4666294,-1,-0.99161514
2.6383708,-1.3734339,-1,-0.008839456
1.0657314,-2.5960543,-1,1.6085934
2.9407666,3.1993451,-1,-0.81870642
0.53901592,-0.38400117,0,1.3852851
0.45152292,-0.84533454,-1,-1.356719
2.2361076,2.3918757,0,-0.21674871
1.769012,-1.5577251,-1,-0.33654798
1.9487436,1.2992503,-1,1.0179972
2.6258675,0.92461747,-1,-0.077226827
1.0710209,0.16813875,0,-1.0623101
1.9029453,-1.1006012,0,-0.34475601
2.1950682,-0.19052284,-1,0.22742442
-0.32428817,-2.4437049,1,-0.88775838
1.1960197,-0.84274225,0,-0.41755306
2.5630893,0.8879661,0,0.7825322
1.8157345,-1.1289493,-1,0.61225078
0.68900774,1.2837592,0,-1.5523171
1.0860795,-0.63029003,1,0.1729249
1.3505003,-0.62329543,-1,0.88890704
1.5847501,1.3688821,0,2.126063
2.7387216,-0.21059287,0,-1.5578889
3.0968095,0.19232916,1,-0.64083307
2.694831,1.5729129,-1,-0.75693647
0.63553494,-0.40170102,0,-0.56634843
1.2131292,0.26626172,0,0.54913394
1.7017996,-0.52231864,1,0.05035434
1.2504612,0.56904229,0,0.39195133
2.4578382,-0.13104915,1,0.22876173
3.0542398,0.52880394,1,0.37287878
0.52046947,-0.16813076,0,-0.66726092
0.71784826,-0.63778441,-1,-0.35604073
0.97824449,-0.075831071,-1,-1.104398
2.9135048,0.22161543,0,-0.82516073
1.7181235,1.1091649,0,-0.43282422
1.4667979,1.430068,1,0.93507254
3.3796969,1.3124423,0,0.36740562
1.4156322,-0.6650912,0,-0.024615937
3.3935287,2.0948223,1,-0.99051598
1.4876998,-0.78624799,1,1.4027864
2.5877369,0.342595,0,0.97556734
1.3779936,-0.13784535,0,1.2624172
2.3619172,-0.23626324,1,-1.5279696
0.3668907,-0.2622853,-1,0.95700636
2.8361445,-0.38145671,-1,-0.32385509
2.5889739,0.040085515,1,1.0102466
0.64921274,0.80135503,0,-0.05798101
2.6412888,0.634328,-1,-0.8784455
3.2511201,0.74573119,0,-0.7549956
1.4774796,0.98208584,0,1.4200913
2.0401985,-0.3820994,1,0.69676666
1.3193925,0.57717637,1,0.48551763
3.3495269,-1.2810742,0,1.4439463
-0.72217458,-1.4103677,0,1.6268045
2.9386157,-0.90143859,0,0.66797959
1.5950296,-0.5616611,0,-0.074136847
2.218888,-0.35052055,0,-0.23055349
1.9133339,-0.77313883,1,-0.63236096
3.01495,-1.7192836,0,-0.220496
3.0570289,0.41361969,-1,0.49923109
3.1045014,-0.79149762,0,-0.78751988
0.81125568,-1.7452785,1,1.0470857
2.7047566,-0.42922083,-1,-1.1675276
3.4590118,0.43992147,-1,2.2516007
2.3899493,-0.2707217,1,-0.57119554
2.3726171,-1.4308733,-1,-0.77663423
3.7322396,2.2231686,-1,2.2228048
2.2702256,-1.4924672,0,-0.80889634
1.1398677,0.39611568,1,-1.1286493
1.8064446,-1.6292386,-1,-2.8685796
1.3012207,0.06211752,0,0.36673537
2.6380198,-0.3925909,1,0.5370305
3.053759,-0.21395835,-1,-0.22513459
1.6802075,-0.44759615,1,1.4240835
3.0402317,-1.0098421,1,-0.83719724
1.7549277,-1.1223514,0,-0.86702754
1.7486242,-0.75112461,0,-0.45783413
1.957831,0.11345215,0,-0.48410331
-0.21376686,1.3468407,1,-0.65966021
2.1040052,-1.0466775,-1,0.84188257
3.801562,-0.31158506,0,-0.37855505
2.4667545,0.88644957,0,0.53605641
1.9203438,0.12695414,0,-0.1268784
3.2259784,0.3954416,0,0.20470584
0.82908503,1.2034735,0,-0.062041178
2.4989388,-1.2153069,0,0.88350145
1.5888435,-0.29808516,0,0.44573721
2.7396367,0.81946496,0,-1.3255122
3.6144792,0.072058584,-1,0.68345175
2.4213275,-0.31213097,1,1.2392818
1.6445912,-0.19494867,0,-0.44585705
5.0163149,-0.76759209,0,-0.70761645
4.128921,0.3528856,1,-0.81015009
1.6551841,0.789122,0,-0.88216959
1.0214057,0.09244092,0,-0.4248159
0.67278433,-1.0695586,-1,-0.007521444
3.2072016,1.6330249,-1,-0.027674618
2.7710525,0.020488618,1,-0.11128163
1.5247867,-0.15076001,1,1.5259336
3.0401781,-0.19775282,0,1.1158005
0.87215271,-0.060078961,0,-0.23946142
2.8293315,0.47852864,1,-0.33369846
1.9370561,-0.32849595,0,-0.21806753
4.0906299,-0.30814123,1,1.1503262
2.4024285,0.94600787,0,-0.026227141
0.82436491,-0.46695254,-1,-0.17010533
1.7405813,-0.83472174,0,0.58092242
1.8647476,-0.55604592,0,0.4463903
2.3548414,-0.59835342,-1,0.74908072
1.695459,1.4538894,0,0.069741727
0.89249381,-0.98089747,0,-1.6184844
0.86297007,-0.94615683,1,-1.0759209
2.2318743,-0.089575087,1,-0.88181937
2.7328683,-0.11785239,1,-0.55869672
1.883963,0.19797708,-1,-0.69541584
1.5626201,0.22656654,0,-0.075876016
1.9025485,0.60751153,0,-0.73828628
1.6800124,0.5761953,1,0.80629347
0.20936886,0.33229823,0,-0.092168251
1.3386864,-0.41345816,-1,0.65703761
3.0189809,0.49991466,0,-1.6478139
2.7068501,-1.8103797,0,-0.87220832
1.9575195,-1.2379831,1,1.2309278
2.208956,-0.13986748,0,-2.156669
1.842597,-0.41074163,1,0.48338378
1.7478746,-1.3928766,0,1.0301719
2.9708719,1.3089722,-1,0.91068029
1.9745945,-0.58066962,0,-0.65951141
3.2860336,0.78985764,1,0.23639037
4.213328,-1.2485666,0,-2.2967945
2.4726411,0.71412398,-1,1.0261494
2.7711129,0.36803874,1,-0.51750106
3.7437647,-0.071745823,0,-0.19388314
1.1780922,-1.5806203,1,0.82247638
-0.14982704,1.1102232,-1,0.050408189
3.6392772,2.218161,-1,-1.0409981
0.89759022,-0.63752494,0,1.3641233
4.2394846,0.13510196,0,0.10824603
1.5995488,-0.099582267,0,0.49750742
2.0607736,-0.55039483,0,0.78581387
3.0549464,0.23540281,0,-0.33884266
2.0848139,1.0214317,0,-0.59386654
4.3498738,-0.64841798,1,-0.29333233
1.4796695,0.73452585,-1,0.69490526
2.567282,-1.5459379,-1,-1.2173016
0.9773881,-0.12441218,-1,0.12599164
3.9773944,1.1049526,0,1.251148
1.5083264,-0.91644843,0,0.56735072
-0.3401763,0.80307293,0,-1.1636749
1.6130778,-0.1183513,-1,0.32108628
3.3844352,1.986975,-1,0.35824767
2.1593821,0.99509843,1,-2.3827538
2.7695349,-0.14292521,-1,-0.86491693
1.3530536,0.59400854,-1,-1.3515947
0.68325151,-2.6187456,1,1.2790681
4.264144,0.7550236,-1,0.01942438
4.0599757,-0.61381966,1,0.36405224
2.7207302,-0.845265,0,-0.3492045
2.7259133,1.774909,0,-1.3772815
2.9069306,-0.97892842,0,-0.96984019
2.1067791,0.7525855,0,-2.746834
1.2034941,-0.75575181,0,0.50795228
2.2351641,0.87722242,-1,0.77276274
1.9822308,-1.0779632,0,-0.093142493
3.5920347,-0.8049518,0,1.4819082
0.56959989,-1.7719792,1,-0.97775127
2.1663975,0.57096829,-1,-0.84474447
0.72491764,1.218605,0,-0.36938262
2.8571811,-0.66960102,-1,-0.034131476
2.0981971,-0.7745282,1,-1.7086454
1.0854304,2.1106393,1,-0.68372505
3.2041145,0.96759521,0,-0.28414318
2.4479096,-0.016667333,0,-0.90514651
3.7084846,-0.18382695,-1,1.0164435
1.678398,-0.81431524,0,-0.68046003
1.7938785,0.11019027,0,1.3489781
0.44710165,-0.29655737,0,-0.64693013
2.4423414,0.039967609,0,-1.2922942
0.995199,-0.053310793,1,-1.4133603
0.25156527,1.0836974,-1,-2.6047586
2.2040816,-0.59191915,-1,-0.46140548
0.97489088,0.65632522,1,-1.2358943
0.37842133,-2.132481,0,-0.23279459
3.2247036,-1.0140815,1,2.3272095
2.016081,0.43522886,-1,-0.85500818
2.350154,-0.064332614,1,0.4669559
0.78354385,0.9083997,-1,1.1333623
1.3209545,0.25580744,1,0.23622798
4.0757272,1.4666582,0,0.60578788
3.4407871,0.11950279,1,-0.92450302
3.0354412,-0.98542724,-1,0.83432844
1.2570193,1.2237331,1,-0.11702629
4.1673414,-0.86457381,-1,-0.4392606
2.385833,-1.057734,0,-0.23683109
1.2138949,-0.26786044,0,-0.89792638
2.3743615,-0.75582934,1,-0.51537816
2.334524,1.9752644,-1,0.28509976
1.4171236,0.62496294,1,0.019097478
0.706685,-0.11029972,-1,1.3135148
2.3472326,-1.3979097,0,-1.2124694
3.0812274,-1.4669927,0,1.0099875
2.5665128,0.38797477,-1,-1.3021055
3.7801154,-0.16066535,-1,-0.094291559
2.6023555,-0.34661327,-1,1.5627008
4.0400277,-0.11867615,-1,-0.62258385
4.2292045,0.49831411,0,-1.8652899
2.56106,0.98734253,-1,-0.10287387
2.4794686,0.87451559,0,1.9957255
0.30438718,1.1995506,0,0.76572049
0.23955683,-1.4411094,1,1.1296479
2.2016261,1.3659207,0,-0.33028015
1.4544584,0.14084558,0,-1.764855
1.9083101,1.239232,1,0.47652579
1.5391368,0.97199065,0,0.34588255
1.6969832,0.65669564,1,0.19550505
1.4494262,-0.76889828,1,-1.7159083
3.8164297,0.14694553,1,-0.87286765
1.5515116,1.3423661,0,-0.33355523
2.4180309,1.3634933,1,2.7959948
3.273641,1.1603601,1,-0.027467636
1.5574657,-1.4004742,-1,0.55960448
1.8942471,-2.1415575,-1,-0.11859748
2.2256102,-0.51112281,0,-0.43539848
1.3464015,1.4500553,1,-1.1873884
3.2863078,1.3570368,0,0.50598545
1.5329793,-1.0786376,1,-0.7320608
2.311365,-1.2066626,0,-0.46785442
0.33268797,0.48711077,-1,-0.46443013
3.0998519,1.5232901,1,-0.39449749
2.3628497,0.33951542,0,-0.67312074
-0.67350756,1.2908506,-1,-2.0980552
1.9185108,-0.21376685,-1,-1.1160219
1.8748103,-0.038860344,-1,0.32361825
2.7710086,3.9149191,0,-0.866196
1.1530077,0.53861139,0,-0.32369282
2.5679409,0.15572578,-1,1.8711033
2.6958292,-0.15542147,1,-0.12936997
0.92007699,-0.6619315,1,-1.0723282
2.1315463,-0.44133491,1,-0.88597674
2.2133952,1.6939579,0,0.060526699
2.0604676,-0.97464759,1,-0.68713931
2.2509347,-0.67739346,0,0.52942656
1.1049823,-0.49798238,-1,-0.59653112
1.3384668,0.41644848,0,-0.20621829
1.3654697,-0.99228008,1,0.32026192
1.6497816,0.062940145,0,-0.1271386
0.89969416,1.0174098,0,-0.22404104
2.8227593,-0.2085429,-1,-0.65365352
2.2142029,-0.19036017,1,-1.8105895
1.8700594,-0.42530023,1,-1.8326186
3.2612825,0.25543231,-1,-0.53452514
1.5811274,0.88240479,0,1.6947232
2.1642857,0.19947586,0,-1.0497037
0.98346178,-0.4295133,0,-0.5065802
0.35051301,-0.70081596,0,-0.65698079
2.1267633,-0.50124212,0,0.85557156
1.20461,-1.0336806,0,1.1522817
3.7982183,0.38780507,0,0.42501275
1.0944869,0.13065808,-1,-0.94725178
2.3159688,-1.641074,-1,0.18636008
2.897139,-1.8522338,0,0.72660481
3.7112247,-1.3081076,1,-1.2018946
2.1321637,0.50223977,0,-2.0272448
2.0033705,-0.49930732,0,-0.22208907
1.5617116,-1.338335,0,-0.32491964
1.872461,0.7003026,1,-0.011012336
3.7554426,0.80829366,-1,-0.38482136
1.3608212,1.4264842,0,-0.42919637
3.2696793,0.91836576,0,1.0263587
3.5726211,0.22803797,1,-0.021365988
0.85177694,-1.5623604,1,-1.1357679
2.1060631,-0.97658208,1,1.149449
2.8902178,-0.67979328,-1,-0.26385358
1.3336569,1.4080678,1,-0.062624803
2.8909715,-0.95776865,0,0.82285892
3.7182953,0.05725238,-1,1.5355513
1.9460445,1.1672863,1,-1.8235022
2.0133102,-0.004637738,0,0.64329563
-0.39860832,0.44837877,-1,0.34036097
2.7126361,-2.1681824,1,-1.0963832
3.5103194,-0.16324246,0,1.9439401
1.9543671,0.38797928,-1,-1.1890717
0.81112826,-0.37712275,-1,0.19061544
2.6651062,1.2604363,-1,0.48135849
2.2177307,-0.7412719,1,0.79558718
1.5815674,0.67095426,-1,2.5431262
1.2873166,0.29785518,1,1.1378083
1.4284445,0.43107972,0,-1.3690222
2.3464213,0.94909624,1,-0.35662259
0.86474274,0.55243392,1,-0.79423575
2.9217818,-2.0959121,-1,-0.66351415
2.4043765,-1.7710298,-1,-0.24137816
3.4345801,-0.15812738,-1,0.3695328
2.3661366,-0.18179741,0,0.62662587
2.9712628,0.12305627,0,-0.58293014
-0.15943537,-0.16469875,1,0.69806906
0.78187806,-0.3425908,0,-0.63121516
2.8829178,-0.88552386,-1,-0.75314001
1.5679817,-0.76760165,1,1.4170363
1.8618123,1.5004193,1,-1.2026106
3.2418142,0.45053547,0,-0.57687526
1.8838707,0.008967917,-1,0.1590841
2.4159315,-1.0088064,-1,1.8773359
1.1914568,0.99406236,0,0.44189527
2.5570419,0.26375104,1,-0.3822261
0.56850786,-0.42337891,1,-0.20417777
3.3250611,1.6503906,1,-1.6501785
3.3939463,2.1762245,-1,-1.8492291
1.0582138,0.1947699,1,1.217893
1.7201506,-0.75300554,1,1.1413595
0.91319998,0.050331766,-1,-0.014948234
4.5053862,-1.4705568,0,-0.32694625
1.869175,-0.068344512,0,-1.3723217
0.97806432,-0.002456432,-1,-0.86848959
2.1893561,2.2657442,0,-1.3913195
2.1028514,0.42178802,0,-1.3550476
4.0891294,1.8652554,1,-0.065547879
1.3711896,-0.42969166,-1,0.50634148
0.8972606,-0.27199265,1,0.043564206
2.2194652,-0.74983933,0,-0.064966163
0.043071974,-0.22283618,-1,-0.34162036
2.8248913,-1.6879913,0,0.73648102
2.2202371,-1.1627595,0,1.4618707
3.7022144,-0.32388043,1,-0.62551941
2.1294343,1.0285279,0,-1.0758293
3.5995633,-0.41852249,0,1.2874171
1.6496027,-0.57752503,0,0.93751283
0.98454164,0.49026606,-1,0.44234345
2.5534239,-1.1115226,1,0.92755342
1.755638,-0.019197829,-1,0.62048271
3.2187531,0.042354004,-1,-1.064339
3.2258269,1.5774778,-1,1.2688739
2.6171423,-0.16336505,1,-0.041381197
1.5696092,0.5809031,-1,-0.10394579
3.8286008,-0.11021607,-1,-0.64557349
3.6903245,-0.013659942,1,-0.11704788
2.401015,-1.6270563,1,0.35792388
0.76144028,-1.7926319,1,-0.022412751
0.46631262,1.3412295,0,0.53341217
2.099049,0.71186045,0,0.49422086
2.3151597,-1.7611631,1,1.3970144
2.5890833,-1.0547567,-1,0.69670321
2.4050317,-0.59146342,0,0.26605801
0.34975359,-0.28385759,1,1.3431057
1.3154084,0.43530684,1,-0.5183142
1.5761802,1.0345709,-1,1.3465529
2.064112,2.399569,0,1.1674131
2.6129811,-0.88972565,0,2.6362692
1.463896,-0.7846062,1,-0.39233214
0.99226297,-0.38561417,0,-1.1522298
1.0245594,-0.49403203,-1,-0.51137849
1.6063036,0.20159186,-1,-1.9229698
2.8488976,0.073833537,0,1.4021285
1.1699313,-1.0900231,-1,-0.80005785
1.5491417,0.26247252,0,0.50057581
1.0098764,0.59725766,0,1.0508446
0.50751141,-0.17157235,1,-1.0424982
1.7810141,0.91238702,0,-1.2821652
1.2566096,1.1278706,0,-1.8209489
2.8744814,-0.4096127,0,0.41465598
2.3220463,1.4666124,-1,-0.630873
3.3056111,-1.0694184,-1,0.31362183
2.4598284,-0.90404922,1,-1.2304517
1.9091837,-0.70685978,1,-0.5968567
2.9753043,-1.0256969,0,-1.2829841
2.3641525,0.30780032,0,0.57728749
2.790959,-1.32523,1,0.34928073
0.79287456,-1.1782486,0,-1.4368062
1.3002978,-1.7146952,-1,1.7542427
0.57052718,-0.56057476,-1,-0.52153987
2.6909773,-1.1855789,1,-0.63723823
2.9488311,-1.3955928,-1,0.24041018
0.75742355,0.89295244,1,-0.077226534
2.3275791,0.40106978,0,-0.39899942
2.7192258,1.3132663,0,1.0034356
0.92079697,0.45986758,0,0.091745185
0.37678701,0.80660917,-1,-0.61168524
2.2117322,-1.1081909,-1,-0.76628549
1.0042986,0.85638224,-1,0.74648149
2.4222094,0.060381246,1,-0.84460659
3.2665075,0.53079877,1,-0.8803573
3.5494363,0.39325127,0,-0.39679808
0.96162225,-1.0758832,1,0.62566815
2.4259646,0.25657299,1,-0.66070108
1.4742814,1.329571,0,0.28861572
2.4073788,0.00661394,-1,-0.37383891
0.45674144,-0.28748827,1,0.19920661
1.2529868,0.83905731,0,-1.6093333
0.25320044,-0.82805229,0,-0.041717786
3.2515197,0.12116107,-1,1.3335547
1.9011159,0.000255759,1,-0.15157904
1.7138026,1.7550168,0,-0.023374546
0.27501119,0.16266324,-1,-0.57179233
2.7076032,0.95907041,1,0.056222571
1.8378062,0.20897007,0,-0.82530648
1.6565168,-0.27328056,-1,-2.2023274
1.9435224,1.1841557,0,-0.45362978
2.1181573,-0.72858287,1,0.58808864
3.222552,0.83647285,0,-0.56693217
1.3756611,0.25044382,1,-0.96992485
0.14440541,-0.75383132,0,1.2642736
1.8839163,0.52184376,0,-1.4571799
1.1372441,0.94369417,-1,0.56230508
2.4923866,-0.075875045,1,-0.92204521
1.7065522,-0.17293348,0,-1.2328873
1.8155804,0.77837102,0,0.59741639
2.0560204,0.63748394,0,0.98842283
0.58638648,0.86714214,-1,0.71091134
1.8708372,0.88326456,1,0.27886618
2.7405663,0.071390271,0,0.30169105
2.7003831,-0.32402991,0,-0.7912429
3.0846986,-2.5825045,0,1.5450654
2.5864216,0.23716744,1,-0.63360026
2.8541081,-0.55744185,0,-0.098216593
3.4370558,0.3299419,0,0.29905942
1.2204327,0.54289537,-1,0.064055193
4.0853301,-0.46605731,1,-0.029122096
3.8578717,-2.6825797,1,0.1349716
2.607383,-0.47565499,1,-0.38571137
3.8252381,2.3083238,0,0.34254874
2.483772,-0.22793299,-1,0.11521334
1.5205506,-0.49873539,-1,0.15568135
3.4906935,1.0161906,0,-0.3152224
1.1842447,0.11697489,-1,-0.38694527
3.2410327,0.10114837,1,-0.42604821
2.267699,2.4992399,-1,1.1493345
2.1168529,0.94029252,0,0.26494386
1.8873294,-1.072698,0,0.33758682
0.97707281,0.25838141,-1,0.27170976
2.474356,-0.08914803,-1,1.5755974
0.50326499,-0.43238105,0,-0.86082135
1.6386228,-1.4993576,1,-0.066428237
0.4048996,0.85490522,0,-2.0552833
-0.5540215,1.5313029,-1,0.96494509
2.5745809,1.0423323,1,-1.4967366
0.25519941,0.62418161,0,0.84982245
0.74865353,-1.3467659,0,-2.3000144
3.2133561,-0.090358956,1,0.88060345
1.3295577,0.66326082,0,-1.8446702
1.840778,0.68300178,1,1.123437
0.84860079,-0.58974177,0,1.2421858
1.5983778,-0.35367331,0,0.45129838
3.4785601,0.21914831,0,-0.2196153
2.5849033,0.69904918,-1,0.78898034
0.69945754,0.73766572,0,0.88746012
2.4030459,1.1686903,1,-1.4114305
1.732228,1.9126673,1,-1.0504781
1.2551799,-0.074691639,-1,0.37667759
2.4524199,-1.2070843,-1,0.053327298
2.2273952,1.6037351,1,0.59304012
3.0465917,-0.48103894,0,0.60391742
2.8119569,0.25749638,-1,1.4557093
2.9331444,0.48769981,-1,0.42615875
0.84166741,-0.9023113,1,0.52913282
3.3234889,-2.5807902,0,-0.26117964
1.460723,0.38029978,1,-0.28155936
4.7967501,1.188116,-1,-0.5612726
1.7811713,0.56317366,0,-0.49300224
4.3080946,1.3866425,1,-1.0864044
2.0057521,-1.9338937,0,-0.39986996
1.0705091,0.17920472,-1,0.72132972
2.3046867,0.37147731,-1,1.3872034
3.3481169,0.70669404,1,0.23906169
1.0934396,-0.2938666,0,-1.7034944
1.6196715,-0.78152891,1,-0.29706549
2.5268253,-0.16193055,0,0.92467111
2.0226606,-1.1356717,1,0.47631954
1.9700533,0.030285553,-1,-0.54006923
1.7201608,-0.73288099,0,0.80235919
2.8650298,0.37015191,-1,1.8192119
1.7870883,-1.1648807,1,-2.4592885
1.2117634,-1.1666997,0,-1.3376406
3.5954523,0.4676167,1,1.3298485
0.65144199,-2.6613317,0,-0.81229346
0.45374526,0.78104347,1,-0.7125799
0.22118939,-0.34662075,0,1.2445368
2.4670369,-0.17535717,1,0.38883208
1.2377463,0.63901907,0,-0.76306406
-0.20699536,-0.57094291,0,-2.1315118
1.8768553,0.76901034,1,0.082667065
1.9298288,1.1215358,-1,0.095457814
2.3510787,0.90856369,-1,-0.35913827
2.2444825,-1.5462609,-1,-0.096738076
0.88688703,-0.36833185,1,-0.36448502
1.3589229,0.27288698,-1,0.13153047
1.0984034,-0.81283089,0,-0.7309011
2.5508111,-0.43174276,-1,1.2181736
1.4913178,-0.84078974,-1,0.7533522
1.2818712,0.24060189,0,-0.389261
3.0124112,1.4592992,0,-1.1365804
0.86635968,0.88499279,-1,0.36117712
1.3918329,0.55174869,-1,-0.81197301
0.38338783,-1.2833494,0,-1.0748872
2.0280815,0.54610239,0,0.041621266
1.8450993,-0.2960772,-1,-0.98088089
3.45232,0.23168069,-1,-1.4391969
2.4508179,-0.28488174,-1,0.026599828
1.0933485,-0.50837192,0,-0.32730565
2.0476941,-0.88366729,0,-0.57366569
1.5420851,-0.71363197,1,0.73816883
2.7922169,-0.030574685,1,-0.87145448
0.83221089,1.2719089,0,-0.85206845
3.599537,0.49604751,1,0.36900308
1.7901258,-0.55877037,1,0.62991934
1.5043549,0.40273814,-1,0.38378651
1.8471072,0.59386308,0,0.90350316
1.3213588,-0.16620328,0,1.5258163
1.8451273,-0.07459208,0,2.5412787
1.5584572,-0.90777201,1,-0.8259571
0.96521542,0.4983394,0,-1.0644888
0.39736502,-0.73265089,0,-0.91732047
2.1850943,-1.3210491,0,1.0740435
2.6161386,0.7395251,1,-0.676666
0.78000158,-0.016826183,0,1.1178416
0.84711379,0.11667839,-1,1.3480417
1.1932325,-1.2094521,0,-0.50100101
4.2355013,-0.4441491,-1,0.21144063
0.94116752,-1.2861655,-1,-0.10854786
3.0858911,-0.57542668,-1,0.73984627
3.6065853,-0.028221489,1,0.30704644
0.73387083,-0.99849008,0,-2.0241683
2.2922044,0.10223552,0,-0.67322034
1.5108792,0.72297761,1,0.34225188
1.3186586,-1.3052019,-1,-0.41855855
3.30734,-0.55301856,1,0.91408232
2.8919772,-0.56993166,0,0.64590421
2.6956,-0.16157831,0,-0.34932009
1.5528494,-0.37005135,0,0.33289051
1.6042515,-0.48414139,1,-0.83284385
3.8599167,0.53517455,0,1.033642
2.0415093,-0.18326748,0,-0.068701486
2.7373728,0.92784714,-1,2.025695
2.5868865,-1.8126653,0,1.9169854
3.85294,0.41476806,0,-1.274022
2.9324564,-1.6946525,0,0.52499402
1.5943057,-0.98692821,0,-0.38979341
0.74030575,-0.95651612,1,-0.78714586
0.73508322,-0.70057007,0,0.94738864
0.39417557,0.82051478,0,0.38813274
1.9243434,-0.74089536,0,-1.3314934
4.1892,0.6204691,0,0.067070535
2.0150823,0.24919213,-1,0.52614494
3.6547968,0.63702394,0,-1.5896241
3.8210335,0.32436058,1,-1.3291896
2.6725502,1.0361068,0,0.76614854
3.9446623,-0.62994799,-1,1.9772095
0.80244545,1.00555,0,-0.23945986
2.5218514,-0.075302893,0,-0.61671944
3.6616683,-0.015692714,1,-1.0100635
1.5097405,0.009689507,0,-0.5857666
1.787919,-0.29822817,0,1.1694645
1.5618134,2.1221375,0,-0.2422762
2.0413604,-1.0644722,-1,0.46227797
1.3724681,-0.34196775,1,-0.021184022
2.8461298,0.36640103,-1,-0.64244616
2.0846201,1.4136371,1,0.20837271
2.793458,2.3011988,0,0.58759625
2.36735,-0.95638935,-1,-0.80401861
1.5441,-1.3771893,0,-0.5941474
3.6753895,-0.008483453,-1,-0.20664595
1.4896772,0.52479265,1,0.42432185
2.3527879,0.85971306,0,1.0317016
0.8848723,-0.33827674,1,-0.66792042
0.95288104,-0.69884227,0,-0.99587095
1.1501823,-0.21738152,1,-0.84300734
2.8671675,0.91224271,1,-1.723799
3.7634002,1.9991524,0,-0.19003451
3.3086721,-0.27911239,0,-0.57255619
2.1471319,0.86018324,0,-0.34537514
0.5387759,0.54913717,0,-0.21266905
2.1320444,0.49465021,0,1.9981481
2.5651856,0.14278201,1,1.5781189
1.2764145,-0.9386775,0,1.2815653
2.4496799,-0.60136135,-1,-0.5274474
1.6360952,0.57793278,-1,0.99915809
1.2066208,2.1327233,0,-0.81353143
2.9766835,-0.89068397,-1,0.001086233
2.4240774,-0.6315643,-1,-1.4658817
0.96155167,-0.24835374,1,-0.1487624
-0.55128272,0.66069794,1,0.19400433
3.0015087,0.5159982,0,-0.90548503
3.9534942,0.08474777,0,0.45021081
1.9387086,-0.82693533,1,0.17041383
2.351048,-0.91518344,0,-1.319046
2.2109041,-2.0251086,-1,0.71372157
0.64970506,-0.2412636,1,-0.32046092
-1.1328403,-0.0184673,-1,0.56593779
3.1314244,0.68845701,-1,-0.059118733
2.0462877,-0.12459327,1,-2.4048164
3.6794871,1.5573582,0,0.13085863
0.16366006,0.1642174,0,-1.2870991
2.6357725,-0.87028777,1,2.1350629
2.0702761,0.53590711,0,-0.33824105
0.49118465,-0.092668062,-1,-0.31211959
1.8594551,0.96583454,0,0.42916823
3.2290527,1.5588476,0,0.27519376
0.74671343,-1.6919672,-1,-0.057461538
2.2316784,-0.39355269,0,1.1626732
2.5844388,2.5356232,0,0.59696355
1.6222611,0.35941563,0,-0.8837211
3.858278,-1.0402102,-1,0.99116693
0.44454097,0.004468467,0,-2.5962748
2.8990878,0.70326709,1,0.7189549
1.9592232,0.85996995,1,-1.9208153
0.64080916,-0.70198895,-1,0.61287497
2.7241303,-1.5452691,0,-1.5949847
3.0542334,1.1890022,-1,0.72647922
3.3304216,-0.019760968,0,-0.39742467
2.1643883,0.41062834,1,0.52899063
3.7068194,0.79418734,0,-0.081095421
1.8357051,1.9436132,-1,2.3163735
1.6135659,0.82871492,0,-0.9587501
0.20565577,-0.73851865,0,1.3687158
1.4134704,-0.3436012,1,-0.072069614
1.9618312,1.5842059,1,0.19439047
0.22835253,1.3245796,0,0.89616632
2.9317635,-0.2056968,0,1.5459589
1.2175174,0.85786256,0,1.2762657
2.9618181,-1.021892,0,-1.6911057
0.26187869,-1.3706475,0,0.94904967
2.5626616,-0.14902027,-1,0.80373183
2.3098832,-1.2463942,1,1.5034763
1.1528476,-0.53470637,0,0.96923126
0.0572279,-0.13560901,1,-0.60899152
4.4194208,-0.17857163,-1,-1.1813818
1.2307064,0.8199246,1,0.95083358
3.1774237,-0.20208064,-1,-1.1015727
3.7938015,0.3275047,0,1.1025693
0.36755543,0.67902264,0,2.0249215
0.80162774,-1.6937757,-1,-0.71149754
3.5460834,-0.51455379,1,0.6000206
0.2875031,0.86652567,0,-1.080719
2.2562284,-0.5573938,0,-0.90546196
2.5027149,0.5422239,1,1.4514034
3.1786205,0.4935035,1,1.3383501
1.7826452,-1.5366073,-1,0.21682143
2.1931742,-0.66412553,-1,-0.15503381
1.370679,1.125465,0,1.5512157
1.1746759,-2.1436405,0,1.4477332
2.4570491,0.46330589,-1,2.2616345
2.9760451,-1.4553716,-1,-1.2025169
0.66373438,0.049466935,0,1.8149695
1.9339701,0.43727388,-1,-0.46936216
0.11005432,0.76372603,0,1.5033607
0.44792405,-0.43212124,-1,1.5795201
1.6418473,0.21616429,1,-2.4093687
2.6033677,0.78836864,-1,-0.98465404
-0.40293659,1.045729,0,-0.36512432
2.7875751,-0.61714157,-1,-0.17523027
1.6196293,0.12920717,0,-0.17117942
0.88551385,0.69714441,1,-0.81333341
1.4029705,-0.25846485,0,0.62294787
2.2995404,0.49447766,0,-3.7365144
2.6493185,0.2058193,0,-0.90911613
2.7240844,0.18239666,1,1.1467402
1.9688159,0.50563035,-1,-0.29233328
3.5568786,0.58265144,-1,-1.1035809
1.5416698,-0.30063335,0,-0.87997757
2.2169648,1.5061026,-1,0.27144483
2.9995302,-0.24486875,0,1.0876435
2.4325705,-0.49940841,1,0.26317958
1.8023262,-1.5260128,-1,1.6926331
2.1669266,0.55039222,1,-0.99225187
2.6129592,-0.46045237,0,-0.18563494
2.8242338,-0.38148616,-1,0.5376434
0.58521701,1.0154625,0,0.028147042
0.49141248,-0.63167983,0,-0.45905412
1.5290204,-0.08536584,0,0.095379464
1.6546327,-0.68343265,0,1.0733542
2.0470834,-0.96447696,-1,0.23341885
1.8406055,1.120139,0,-0.085388043
1.9893215,-0.28133758,1,1.4908595
3.4799483,1.3326531,0,0.59307642
1.7794803,0.88202327,0,1.2971485
3.5223486,-0.72967042,1,0.3311126
1.886606,-0.18024312,1,-0.46007249
0.61818778,0.99778538,1,1.3311769
1.8611413,0.61789681,1,-0.24370417
2.5655071,0.9188531,0,-1.8270266
2.3674597,0.1865946,1,0.41627507
3.3332055,-1.32576,0,-0.5578281
2.29218,2.7793152,0,0.8443733
1.0715261,-0.52880239,-1,2.3942555
1.734664,0.86486515,-1,-0.93238864
1.7171403,-0.47039799,0,0.1028631
1.6513707,-1.0932823,-1,1.1249641
3.3147799,2.3462895,0,-2.246965
2.5322182,0.89144125,0,-0.2998552
0.8424897,1.0025756,-1,0.34274959
1.3088795,-0.88868782,1,-0.50681561
2.2669725,0.2468698,0,2.3025392
2.1327862,-0.36065213,0,1.3601831
2.1798884,0.26584702,0,-0.25735222
1.4243804,0.94869347,-1,0.80740193
1.7185663,-0.44120162,1,-1.0922978
2.3928475,-1.697178,1,0.022688615
2.0860358,0.07655309,-1,-0.86952635
2.1354742,0.11165797,0,-0.50005335
2.5760906,1.9343468,0,-1.0899261
0.77612533,0.39814118,1,-0.052782073
0.74918149,-0.3940563,-1,-0.9783776
2.8890061,0.070485432,1,-0.8736497
1.9062301,1.2356414,-1,0.44896879
2.8694577,2.3013758,1,0.64849814
1.0311455,0.90310566,0,1.5238452
1.4106943,2.1815571,-1,0.10366169
2.1181419,-0.064406675,-1,1.30876
3.8490295,-0.55155351,0,-0.38138925
2.1290637,-0.39003316,1,0.07710412
2.7662825,-1.2866371,0,-0.017333512
2.4898726,-1.9219499,0,0.80337711
2.0597115,0.54078484,-1,-0.97867149
1.4509521,-1.2040675,1,0.62815316
2.6109997,-0.41803088,0,0.83022842
2.7310706,-2.4182738,0,-0.79376345
1.9160396,0.43846472,0,0.79343092
1.0632287,0.23535462,-1,1.0959667
2.1552071,0.59105568,-1,0.005352486
2.9272312,-2.9218899,0,-1.1532257
1.5133445,1.2838892,-1,-0.00237762
0.88119723,-1.0256641,1,0.076679245
4.1781741,1.0208565,0,-0.17893811
3.1030159,0.068022564,-1,0.22547096
1.3499195,2.0144408,-1,-0.83140343
2.2641786,0.73168137,0,3.545389
1.50054,-0.78694703,0,0.34669775
1.828416,0.26115652,1,0.97803026
2.7996397,-1.3780166,1,-1.0670232
0.56705056,0.63138428,1,-1.347081
1.8498717,0.52890177,-1,-1.061711
3.2951863,-1.2528228,0,-0.3762481
1.2830489,0.69533839,1,0.34707563
3.6623193,-1.3951248,0,0.51298481
2.1729419,0.10393382,0,1.0330969
0.77191652,1.3598693,1,0.087753782
1.2977495,0.5733218,1,-0.28432846
1.6560509,1.2438198,0,-1.1982573
1.7884074,0.6097348,1,0.059930818
2.0647579,0.60288822,0,-1.1595165
1.3979497,-1.9975087,1,0.88468001
1.2658903,0.42601242,1,-1.6937484
0.40058367,1.4939597,0,-0.69063518
1.3061298,0.15714175,-1,0.69888985
-0.55251172,0.11829816,0,-2.2470945
1.7992001,1.0412828,1,0.1378067
1.778207,1.0803332,-1,-2.4107191
1.3259906,-0.6760399,0,-0.59673855
2.8847431,-0.6480028,1,1.5152581
0.74781915,1.2709505,-1,-0.89245277
1.3858875,0.71436381,1,-0.73519841
0.79848928,-1.1808801,-1,1.114621
1.6240968,0.51579224,0,-0.28250182
2.4039166,-0.045310414,0,0.003245446
1.4408079,1.3453082,-1,-0.33650243
1.7558771,-0.37598899,1,0.82791396
3.1282458,0.16730881,-1,0.11345972
1.698679,-0.17341975,0,0.29953672
2.9724584,-0.42972143,1,-0.63947756
2.2392151,0.98818671,1,2.6700609
-0.14177651,0.011081364,0,-0.10767455
2.518901,1.4160802,1,-0.14904285
1.9815121,-0.7005267,0,-0.183072
1.8418719,-0.67645982,1,-0.089908085
1.1497044,-0.68901493,1,-1.7723456
2.4618146,1.744512,-1,-0.50234204
3.8471189,-0.30368994,1,-0.61154193
2.2826492,-0.052682654,0,-0.72099925
0.61042038,-0.98974219,-1,-1.0697448
2.4796649,-0.73514485,1,-0.55408349
1.824357,0.54444381,0,-0.26216836
2.206546,-0.92150112,1,-1.4097626
1.0275604,0.2928962,-1,0.49537893
1.1649135,-1.718865,1,-0.03460044
1.4646062,1.524799,0,0.097575305
1.1341677,0.86098712,0,-1.743665
1.3578559,-1.3720586,-1,-0.31639766
2.446746,0.40764696,0,-0.1176818
1.2994751,-1.1449934,1,0.16322157
0.71116735,-0.043196647,1,0.36513525
1.63985,-0.84806517,1,0.44581733
1.6011513,0.9651595,0,0.93740055
2.1586769,1.1978825,0,-0.058406791
1.1422498,0.40644154,-1,-0.20361025
2.9915601,-0.2344407,1,1.0953624
3.0437342,0.67819064,-1,0.39755132
2.2429572,-1.3780509,0,-0.2871956
2.2342946,-1.0220242,0,0.79794251
1.5343482,0.15497576,0,-0.71547425
1.3320328,0.068797592,-1,-0.026696384
1.4161428,0.27870401,0,-0.25191615
2.4748102,-1.0030099,-1,-0.99051553
1.5673031,1.0719172,0,-1.388338
2.176353,0.32259245,0,-0.53602678
1.6546821,-0.40769952,-1,-1.4690034
4.8496399,-1.4237029,0,-1.3173954
1.8974186,0.65051088,-1,-0.099709801
1.9233824,-0.16874085,0,0.55060319
2.1738897,0.46273022,-1,1.5950185
3.8678317,0.78432266,-1,-1.7638283
1.4408319,-0.38972622,-1,-0.73670971
0.18692771,1.2032456,-1,-0.89773579
0.82602241,-1.4542276,-1,1.7439422
2.3151273,-0.15357441,-1,0.63994991
3.885414,0.57996406,1,-1.3656147
0.78523871,-1.6198204,0,-0.31743637
-0.20454128,-0.94336375,1,-0.22170361
2.1654252,-2.2408019,0,0.30336213
1.7210497,-1.4653884,1,-0.16845712
-0.63410079,-2.3957663,-1,0.85554443
1.6349939,0.98263075,1,0.96774572
1.3094337,-0.49287935,0,1.3679731
2.0351213,-0.51045415,0,0.31377328
1.3924916,0.47512762,0,-0.11038429
2.4377807,0.8406152,0,0.066415432
1.4877488,0.35972834,0,1.6130295
2.9525869,-1.9204449,-1,-0.62557138
2.003892,-1.1140358,0,-0.69319763
1.3273848,0.52369438,1,-0.43674784
3.9119007,1.3896615,1,0.29198635
-0.17932106,2.8744824,1,-1.6840887
3.4249646,0.98252082,1,0.33091313
2.7778009,0.53541223,1,0.49992733
3.2966229,-0.3971648,-1,-2.2197479
2.7746994,0.60128871,1,-0.21367853
3.0156789,-1.2445615,1,2.5218486
1.7311587,-0.04516696,1,-0.79544007
2.3934594,-1.0437277,0,-0.74760559
2.2531795,0.22467304,0,-1.2235487
2.6198877,1.8880777,0,-0.64218087
0.3725977,0.040381115,1,-0.36244786
1.3746748,0.66292149,1,1.3470392
3.208402,-1.6917373,-1,2.3222477
1.1898598,0.72241658,-1,0.29735437
2.5386271,-0.42740976,-1,-0.076690594
2.8451412,0.71608188,0,1.589831
1.6557199,1.7984631,1,-0.019307989
1.8311333,1.3086987,1,1.5989926
3.0378272,-1.5924079,0,0.031346469
3.2727092,0.3195758,0,2.0643959
1.1636739,-0.68382386,1,-1.1829143
1.9471446,-1.3764721,1,-0.48825029
1.5264953,-0.54784762,-1,-0.74648961
2.0932772,-0.44371762,0,-0.27232632
3.2044777,-2.3482608,1,1.0836224
1.2841338,1.7558841,1,1.5714544
2.2700049,-0.18225008,1,0.047622427
2.4511235,-0.71126942,0,1.1881586
1.4448718,2.5905397,1,0.26548619
1.3660523,-0.16692804,1,0.13211195
1.8977005,0.72097778,-1,0.15835993
0.19292643,0.43276822,0,1.7371998
1.5043525,0.22552083,0,-1.4604624
3.6464004,-0.11534158,1,-0.02196087
2.1065767,-0.92853968,-1,0.15658731
1.2939045,-0.82250278,1,0.8399268
1.6566007,-0.34750525,-1,1.0865441
3.0059363,-0.37996009,-1,0.23228407
1.6358237,1.4289723,-1,0.46966369
2.7761821,0.76872055,0,-0.29003353
2.1915168,0.26853742,0,-0.70048344
2.9723824,-0.18304059,0,0.7332069
1.7744518,-1.4373642,-1,-0.15688173
2.7744194,-0.24340335,0,-1.9678543
1.25768,-0.38775755,1,0.15145197
2.5386588,-0.5498063,1,1.2924777
1.935956,0.32216289,0,-0.77317155
3.2558081,-0.74329376,0,1.3346952
-0.36681414,0.6702014,-1,-0.21655594
1.5860386,-0.60117209,1,-0.10935051
2.399862,0.64914555,0,-0.76446748
0.79738935,-0.8760253,-1,0.27802525
2.6043118,-1.4188308,-1,-0.12394303
0.97544624,-0.004308145,0,0.77188386
1.8225346,-1.104367,-1,-1.3390619
2.4304371,-1.5255804,-1,-0.45921791
2.2108524,0.86061565,0,-0.14045291
1.8823779,-1.4433589,0,0.77883517
0.10707666,-0.46341337,0,2.1761605
2.3780076,-1.3908263,-1,0.085832237
1.9598745,1.6100797,1,-0.082712692
3.3133975,0.2355596,-1,2.532611
1.4815874,0.24834396,0,0.18463311
2.8693695,-1.3037741,0,1.0338946
1.2864447,-0.64601586,1,0.13402208
0.69264869,0.2008475,-1,0.67244591
1.2657808,1.456597,-1,0.89918981
1.934669,0.36783121,-1,2.4733722
1.0486492,0.23804882,-1,0.87296058
3.1063677,0.45732437,0,-1.1169408
1.7647651,-1.1716099,0,-1.1165517
2.3480433,-1.2282138,-1,0.029704551
2.4280106,-0.69535809,-1,0.73634486
2.8101224,-1.2014054,1,-0.90098016
2.7954073,2.8031203,1,-0.13119812
0.8283889,0.19268516,-1,0.32255326
3.2491305,-0.086142481,1,1.0055139
0.93455891,0.76071905,1,0.33862099
1.2704288,-0.44672215,-1,-1.282611
3.5294633,0.1563827,-1,-0.65685143
0.79560923,1.3489001,-1,-0.6727799
0.16641061,-0.18297059,0,0.01829975
1.6197843,0.45261362,0,-1.6099267
0.69093348,-0.39286431,0,-0.74957624
2.3389708,-0.73805519,1,0.31941423
-0.94656154,0.70587566,-1,-1.3416758
1.9673398,1.2149553,-1,-0.66923686
0.69122237,0.86322593,0,-0.095953074
2.1164071,-0.64797455,1,-0.54731723
2.2241624,0.39580796,1,-0.61189542
2.2332646,-0.51607134,0,-1.3976642
1.2873317,0.47939284,0,-0.24569902
3.2886555,0.59381758,1,-1.8680234
0.48841747,-1.1054741,-1,0.37615934
0.6556131,0.779335,-1,0.30036313
0.85398504,-1.1150962,-1,-0.071597692
1.8242315,0.54599091,1,-0.26546842
2.5671717,0.36441623,-1,0.46121356
1.7356566,1.2239726,-1,-2.5528087
2.6932943,0.73616484,1,0.31175519
1.1332676,0.56855339,-1,-0.22373738
2.34671,0.54044794,0,-1.7559982
0.44329964,-0.2618901,0,1.4395251
0.7523,-0.89689364,-1,0.75916979
1.1338746,1.0492289,-1,0.22714646
1.8780197,0.63884863,0,0.018769185
1.7233313,2.5511329,0,-2.0855187
2.0274402,0.7195269,-1,-0.48354068
2.3148839,-1.1774431,-1,0.82092403
2.1382389,-0.75881616,1,-1.1209954
2.3668104,-0.20792171,1,-1.2789574
-0.016431811,0.3322269,0,0.98217675
1.1146265,-1.5657133,1,0.87212154
1.1808222,1.070206,-1,-1.0738075
1.7598067,0.13928889,1,0.66906643
1.5940389,-0.14136596,0,-0.49918316
2.0587555,0.73720462,0,-0.59844828
2.9381366,0.37488178,1,0.63086548
2.7892391,0.39208301,1,-0.55400554
1.7236307,2.7897099,-1,-1.0328886
1.9059248,1.3248262,0,-0.53664947
2.7911563,-1.5872586,0,-0.1997565
3.7559792,-3.8088906,0,2.3220907
2.1518106,-1.1192319,0,1.0679157
2.738118,0.083442114,0,-0.03990915
1.1356366,-0.057724115,-1,0.65599353
2.5625603,-0.006856539,1,-0.17336464
1.3235173,1.8446357,1,1.4396974
2.2690729,-1.0660885,1,0.10476971
2.5214527,0.53540373,-1,-2.0386544
1.5504135,0.72954637,0,1.6479413
3.0223519,-0.11538642,-1,0.17865569
1.4036688,-0.33398549,0,-2.3018204
0.946288,-1.6336769,0,1.7902149
3.0688216,-0.58332316,0,1.6654796
0.5904193,-1.0457396,1,1.4054209
1.07607,1.9300766,0,1.4518953
4.4746441,0.91687765,-1,-0.097060488
1.0717325,0.93577617,-1,-0.25214813
2.2440241,0.50026932,-1,0.65016824
2.8630054,0.90824681,-1,-0.07668131
1.3470348,0.5487641,-1,-0.58701041
-0.7314267,0.45925527,1,1.0289863
3.1113879,-0.44803043,1,0.33353811
2.2299863,-0.50622649,0,1.5435129
1.0138408,-0.42223708,-1,-1.0142204
1.4411912,-0.16740047,0,0.70428661
3.1022498,-0.098479058,0,0.68338713
3.1246847,-1.759173,0,0.092295428
2.0966988,-0.84317414,-1,1.6270725
1.6894856,-1.8770484,-1,-0.59898649
2.3899111,-1.7007185,0,1.168501
1.2825666,-1.1391788,-1,0.76377107
1.7524656,1.0615967,-1,-1.3760138
0.92599917,0.9017213,-1,-0.93838517
1.8319554,0.81490677,1,0.46881747
2.934476,0.12477359,1,-1.5055657
1.4320435,-0.62651293,1,0.1635884
2.3918928,1.0201806,1,-0.410413
2.8434994,-2.0730792,0,-1.9236782
2.248775,0.40828815,1,0.64070248
2.9775498,0.50399385,0,0.72121249
1.5601028,0.43647371,-1,0.064565243
1.8523236,0.12381419,-1,-1.0716257
2.1828523,0.90393819,1,-0.92283604
0.92854089,1.2496732,1,0.00362132
2.6333434,0.33710312,-1,0.2433902
1.245095,0.38259192,-1,-0.62723507
2.9246119,0.048603577,1,-0.49241554
1.4842263,1.2467645,1,1.0435653
1.248165,-1.0382695,1,-1.1887086
1.5063695,-0.92658237,1,-0.47979656
2.0591468,0.25857855,0,-2.3828606
3.2929195,1.5672584,1,-0.67006746
2.629838,-0.5999854,0,-0.98934368
1.9581323,-1.0756051,1,-0.032007588
1.5421715,-0.11561172,1,-0.61110476
1.0627731,0.23774034,0,1.0054281
0.58129766,0.074653086,-1,0.89588025
3.6433662,-0.69574722,-1,-0.53736793
0.33975119,2.2588215,0,0.62846463
2.1714745,0.65580251,-1,0.1058756
0.72930747,-0.50242801,-1,-0.23167098
1.6991407,-1.8583883,0,2.4528514
3.8472173,0.090552465,-1,0.84633226
0.86316228,-1.9588263,1,-1.8854928
1.6220356,0.55282166,1,1.0454587
1.8772763,0.5775845,1,0.81717289
1.3406291,1.6078565,-1,0.033840672
0.9226522,-0.92846361,-1,-0.12288687
4.6094754,-0.35773945,0,1.1033399
1.3008958,-0.66722891,1,-1.7074063
0.43190398,0.1649314,-1,-0.77826373
2.3656732,-1.0540926,0,-0.84353627
2.6629436,-0.37508627,1,0.63786611
3.0896567,-1.2503444,0,-0.83238949
0.70529931,0.6114954,0,-0.17957517
1.0772192,-0.84605342,0,-0.084107358
0.93038988,-1.8062887,1,0.10035702
1.6865688,-1.2148862,-1,0.19069168
1.0652969,-0.27207334,0,0.56676151
2.1082126,0.82021759,1,0.79607488
2.3557249,0.34816734,1,-0.94107238
2.3667462,-1.1872934,1,-0.3836432
1.3296546,0.89725828,0,-0.68954636
0.74535279,-0.98789401,-1,0.35108079
3.9144194,1.2404493,1,0.32445672
2.7537314,0.56158227,0,0.12430886
1.6604072,-0.78914688,1,0.21871659
-0.10709669,0.20356027,1,-0.005623816
3.877947,0.56110147,1,0.10241745
0.021652642,0.19478141,1,0.063211237
0.97112777,0.090231116,0,1.8232277
0.46375779,1.5840247,1,-1.4823608
1.4592842,-0.010492636,-1,-1.415401
2.8492163,-0.37320028,0,-3.0138741
0.46895154,0.43248096,1,0.87354031
-0.15501844,0.52539066,1,0.083878986
2.0103374,1.9703344,-1,-0.32594789
1.8206305,0.48745414,-1,-1.0985828
1.8259338,-0.37687753,1,1.2274442
2.5668601,0.45796557,-1,-2.2124727
1.4093115,-0.56406928,-1,1.1919824
1.6428681,-0.55791539,-1,-0.44413942
3.1354106,0.59079858,0,0.70564111
3.5120392,-0.47761281,-1,0.029902918
2.0752797,1.5616383,-1,0.10752409
2.5254318,0.40001549,0,0.40084524
3.2957506,-0.51364723,1,-0.36106097
0.65000932,1.5223492,0,-0.26194606
1.7002784,0.70144251,0,0.31713041
1.3876666,0.3442255,1,0.077512306
2.1479738,0.96901343,1,0.38293157
2.4892069,2.2250352,-1,-1.2750352
1.2759041,-0.17033502,1,1.6462777
2.0264955,0.62976686,1,0.67781034
0.37536589,1.0685627,-1,-0.44666472
2.332198,-0.038744029,0,2.7581803
1.8900588,-0.87594039,-1,-0.84378388
0.76688095,-0.38607596,1,0.46694599
1.409682,-1.9852795,-1,-1.7183066
0.64778306,1.7779236,0,-1.4959943
2.5630246,-0.83158912,0,-0.027336352
1.9459749,0.24987268,1,-1.7748812
0.89396172,-0.088973862,1,0.12839458
1.0900331,0.92170643,-1,0.93018866
1.9778505,0.84578617,1,-0.18233431
3.7670723,0.047652912,1,2.1063714
2.3519318,0.46442653,-1,-1.4738719
2.1353002,1.102242,-1,-0.69332221
3.0945999,-1.7023649,0,-0.076667892
2.5130827,-1.4783792,0,1.1568914
3.1906192,1.8706537,1,-1.1014718
3.8090438,-1.2250459,0,-0.53365585
2.265799,1.3590758,0,-1.9877725
1.932008,-0.44449656,0,-0.81020981
2.0049991,1.1794443,-1,0.60930222
0.87589645,-1.4674217,-1,0.14738862
2.3424391,-0.23957963,1,0.62310769
3.2006252,2.2281381,-1,-1.0152099
2.8970929,-1.236364,0,-0.45578498
1.4002018,0.98378933,0,-0.41167414
3.2867673,1.367757,-1,1.0509398
2.5435308,-0.71106628,-1,0.062384037
2.3047391,-0.32633639,-1,0.043150794
1.5235354,2.0504473,0,0.42946011
3.0043352,0.57951627,1,1.3305007
1.635145,0.70164723,1,1.2307066
3.3759355,-0.82632773,-1,-0.90917093
1.1344305,0.80208976,0,-1.0297328
1.4013264,-1.0041552,1,-1.6224403
2.4215996,-2.6446056,-1,-0.67757829
-0.30215193,-0.082421267,0,-0.95443619
2.2384165,1.836121,0,-0.73640134
3.8140767,0.44606006,0,-0.81879049
2.2801062,1.9330056,-1,0.23775233
2.264177,1.9484536,-1,-0.1700095
1.5563291,-0.11380027,0,0.2850519
2.5626756,-0.4370927,1,0.012096724
3.8056738,0.96903154,1,0.29197899
3.9082137,1.277166,-1,-2.2831026
1.7881058,0.64630995,0,-1.1549838
3.6396849,0.59663683,-1,0.3041797
0.91891032,-1.2908972,1,-1.7767801
-0.79387482,0.014631801,-1,-0.85500793
1.812652,1.2417083,-1,0.098874582
-1.1471425,-1.471409,0,0.9871131
1.2499589,1.818141,1,-0.25846592
1.7377024,-0.13566646,0,-1.1426594
1.8727541,1.0802007,-1,0.55483429
1.9689728,-1.0706773,1,-0.54439844
1.7562138,0.32435622,0,0.93259985
1.3633087,0.89540357,-1,0.52118886
2.9794269,0.44355998,0,-1.119437
1.2277993,1.1241596,-1,1.2172521
1.2660615,0.37748557,0,-1.4164591
2.4724118,1.3189887,0,-2.0702567
2.9809458,-0.35669045,1,-0.087727646
1.9564577,0.8215177,0,0.068725422
0.8318922,-2.2895421,1,-1.1779753
0.68872961,1.2157663,1,-0.8894952
0.81696096,-0.077148675,-1,-0.22577302
2.7595181,-0.16434237,1,-0.62440943
2.4491402,-0.28898527,-1,-1.2444899
4.0167291,1.5793205,0,0.088347654
2.3698059,0.18174147,0,0.55823581
3.0175299,2.2096184,1,-0.94256336
3.4344037,1.033953,1,1.4065143
2.6265348,1.4399938,0,1.5829224
1.2219817,-0.30361653,0,0.9189768
2.8678931,-0.40984477,-1,2.3304398
0.82563915,0.099803731,1,-1.1121662
2.3310037,-0.11733625,0,-0.86075781
1.2094316,1.9480517,0,-0.53524806
1.9044281,-1.1611865,1,-0.25019327
1.9841775,-0.40023152,1,-0.66159351
3.2610041,1.150907,-1,-0.9644978
2.4711885,0.2647092,0,-0.21049023
0.724287,0.9051307,0,1.9857141
3.7189647,0.39878696,-1,-0.10310806
0.7618331,0.06857179,-1,0.16223374
1.9550919,-1.6795784,-1,1.1928315
3.0546066,-0.66114299,-1,1.5167478
1.7525774,0.98831087,1,-0.36979673
3.1524476,-1.0811587,1,-0.63767013
1.6231788,1.7165086,-1,-0.84098836
1.9185312,0.9502039,0,-1.0770071
2.9987859,0.83734863,1,0.39721529
3.0095,0.70862829,0,-0.42670423
2.6434621,0.93219677,0,0.5822621
4.2980649,0.25380945,-1,0.44171888
3.5434929,0.10626221,1,0.24762588
1.0691285,-0.75627411,-1,0.40050295
1.9558453,1.8136679,0,0.06179092
2.9218883,-0.77046456,0,-1.3155591
3.1078829,-0.91334704,0,-1.1771796
0.11109883,0.49992582,-1,-2.3640149
2.7275048,0.9067045,0,0.10191101
3.5468149,0.94500085,1,1.7625637
2.1033267,1.9904161,-1,-1.564191
3.0360888,-0.33881604,0,-0.33750014
1.7902508,-0.76460232,-1,0.18436777
0.87604823,-1.3120406,1,1.2380044
4.4605022,0.6025488,1,0.36556331
3.9608434,2.0433924,1,-0.29258707
0.65552104,-0.2029086,0,0.15680798
-0.25543717,0.47377529,1,0.2271864
0.92136177,1.066211,-1,0.75507343
2.7028649,-0.11825528,0,-1.2041212
2.0422214,-0.091243784,0,-1.7203662
1.5564366,0.2307241,-1,0.8657192
2.5577648,0.093417063,-1,1.5441553
1.4207101,0.76126088,-1,-0.1312463
2.1664375,0.41963498,-1,0.66577467
3.2709204,-0.38309799,0,-0.44287108
1.9745644,3.0985143,-1,-0.42016732
1.2239196,0.4338254,-1,-1.7343795
3.7168076,-0.77709544,0,0.22875764
2.1934767,0.34658125,-1,0.001423545
2.3446691,-0.23016868,0,0.61554162
0.6264544,-0.53614555,-1,-0.67709649
2.33502,0.55830743,-1,0.072998712
3.0966221,0.020877023,0,-0.26523102
2.2402601,0.30825512,0,0.73724435
2.5448176,1.1692913,0,-0.032852471
1.1564633,-0.70002628,-1,-1.0346605
2.0352243,-0.48073888,0,0.752643
3.5520396,1.0546793,0,-0.93684063
1.6543257,-0.35647354,-1,-1.4598181
0.54976522,-0.13720241,1,0.90782123
2.5722808,2.0749873,-1,-1.9358415
3.0352969,-0.63097864,1,-0.19950191
2.0068339,0.35681907,1,-0.14461595
1.6975792,-0.83512717,1,0.081643982
0.9455393,0.23106101,-1,0.053925685
1.5899747,0.90178213,-1,-0.3718861
2.0225355,-0.72964078,1,0.34726948
1.1475248,-0.53459362,-1,0.54232803
2.2632174,1.2881433,0,0.16843541
2.4729116,-0.7918662,0,1.0453047
1.5372532,-1.799115,1,-0.44800198
1.150051,0.83885404,0,-0.86064072
1.4275873,-0.73378124,0,0.68195336
3.0898362,-0.71987055,-1,0.2854243
0.99270064,0.60664802,1,0.14977774
0.89867147,-0.85982137,-1,-0.22190488
1.1215416,0.95660679,-1,-0.96686859
1.1070375,-0.33921015,1,-0.39267903
2.0652855,-0.73701669,-1,-0.86799682
1.5245497,-0.54847191,1,0.46983709
3.3591145,0.12165563,1,-0.83720962
1.1223003,-1.7850605,0,-0.5743475
3.2369153,-0.11331824,0,-1.3727082
1.5083782,0.29187894,1,0.30370679
1.3161924,-0.18574916,0,0.83863322
1.9485134,2.0588131,-1,-0.72562497
3.3710501,1.2233813,-1,-0.69106335
1.126488,-1.5289671,0,-0.4591877
2.1450014,-0.3984185,0,0.63973871
0.62096858,0.35002177,-1,-0.71606442
1.1007929,-2.505622,-1,-0.51941953
3.0801404,2.7122597,-1,1.2214776
0.97299752,-0.32170252,1,-1.6697029
2.1967871,-1.8236966,1,1.7883387
1.834326,1.2594087,-1,0.61859118
0.62842125,-0.86975179,0,0.16903411
1.9213136,-0.56216676,0,-0.98576875
0.34309998,1.5665724,-1,-0.067048243
3.4366923,2.4179879,0,-1.4136908
0.56213901,0.34437238,-1,-1.1349949
2.6118013,-2.3985625,0,1.2206353
1.9978624,0.53424649,-1,0.44267625
2.7880034,0.017712545,1,-1.5211438
1.7116607,1.5209209,0,0.77271125
2.7624209,0.54895863,0,1.5944614
1.9240897,-0.1223585,0,0.99771151
1.4627096,1.3218999,1,-0.64125012
2.1387838,0.25805276,0,1.1003586
2.5853499,0.55989292,-1,-0.72903124
1.8182351,-0.29459092,0,-0.19263748
1.4680288,0.57269557,1,1.1079638
1.2124637,0.35186832,0,-0.74792934
0.70162895,-0.60704919,1,-1.9216876
2.7525689,0.18411042,-1,0.74705544
1.8414417,1.3572493,1,-1.3829656
1.9640951,0.75712533,-1,1.1839756
2.451868,0.74790893,-1,-1.6628332
2.4652329,-2.4973997,1,-0.33568276
1.5440335,0.64185144,0,0.89155289
1.7192951,0.50038221,-1,-0.8928604
1.8435687,0.33060049,1,-1.0579698
2.7041048,2.1962839,0,-0.91770108
2.24865,1.1864875,-1,-0.19944592
2.0552155,0.043709931,0,-0.57500567
3.4637571,0.73740335,0,1.8591852
2.3057132,0.17878533,0,-0.023771821
2.2399298,1.2857408,-1,0.085364023
1.0602857,0.013495574,0,0.49286925
2.0694345,-0.6873436,1,0.83461509
2.2947837,0.73134568,0,1.5389228
1.9192121,0.35250181,0,0.75341916
2.1415437,-0.6824703,1,2.5211566
3.5384419,-1.480201,0,0.043514053
2.9852688,-0.69276458,1,-1.0079585
-0.02659646,-1.0159389,0,0.036770868
2.2131759,-0.78464641,-1,-0.27858485
1.1716083,-1.0809937,-1,0.23659658
1.5458266,-3.1852429,1,-0.17157464
1.0538196,-0.15588856,-1,0.62236289
2.2829151,-0.015789749,-1,0.19001304
3.3107659,0.14029088,0,-0.014672186
2.516152,-0.60034507,1,0.92262643
3.4200917,0.72115649,-1,-0.457327
3.7951556,-0.13887415,-1,-0.015629636
3.0012002,-0.69153295,0,-0.24916989
2.020695,-0.033702098,-1,0.23472972
0.84958999,0.83571298,1,0.80897657
2.5593444,-0.78819981,-1,-0.47223927
3.5046365,1.6175551,0,0.41817561
3.3425535,0.83152036,1,-1.664728
2.1138132,-0.37651938,0,-1.6126781
2.0486715,-1.1295169,0,0.66926291
2.9342525,1.7330733,-1,-0.47472629
1.9729743,-0.042583434,1,-0.82132906
1.0729644,1.4839247,-1,-0.86048424
2.103181,1.5831165,0,-0.4460499
2.695756,0.59863889,0,-1.5338079
1.624969,2.4047156,1,1.4264934
3.9627081,0.2699618,-1,0.91873272
2.3876977,-0.6506365,0,-1.5253391
1.6026785,-0.81012731,-1,-0.32858519
2.4991227,-0.38289691,-1,-0.041375519
0.82840419,0.32626647,0,0.034485619
0.44162966,0.41102572,-1,-0.12098845
-0.061209655,0.096666308,-1,0.48956704
1.0017523,0.36671277,-1,0.51402219
4.5341719,0.86646655,0,0.7921364
0.86015597,0.029060597,-1,0.86253273
0.028757139,1.1850545,-1,0.85702398
0.66768066,0.63038906,1,-1.21005
1.6801879,0.24488607,-1,1.7144234
1.7217081,0.60629103,0,0.5006003
3.4134121,-0.25132603,1,1.6059212
2.4339895,1.6758134,0,0.28034091
2.2077419,0.41482691,0,-0.00240422
2.2461853,1.8314515,1,0.71287908
0.98415894,-0.16690346,0,0.67150385
1.4911152,0.73617049,-1,-1.3505071
2.1098167,-2.1006061,0,-1.2162215
2.4274306,-0.21859418,1,-1.5406385
0.84248825,-0.89174817,1,0.62355937
2.3352716,-0.070277451,-1,-0.25959317
1.9367139,-1.7742199,-1,0.061493264
2.4165917,0.27999058,0,0.90666848
0.89939609,-1.2233306,1,-1.5024216
2.0967909,-0.89530136,0,0.26854098
0.83825847,0.36713339,0,1.096919
3.0891155,-0.018512977,1,0.19213764
1.3410676,-0.11783935,1,-1.8285796
2.482277,0.16394923,0,-0.57348348
0.97597653,-0.026338676,0,-0.45420968
1.9001915,-0.071843989,1,-1.0820396
3.2897475,0.87753038,-1,0.56736212
2.0043697,-0.39638081,-1,0.69416731
0.86854704,-1.9634874,1,2.4098593
1.7958646,0.50136006,-1,-0.43850261
1.5507892,0.018583137,-1,-1.216031
0.57173738,-0.32632554,0,1.6245628
-0.90412236,1.1612123,0,-0.31004702
2.6799143,0.60209974,0,0.56916834
-0.025691479,1.1087833,-1,-0.10105517
1.1450128,0.93348696,0,1.3830199
2.9345389,-0.67011608,0,-1.3969392
0.88600872,2.1978738,1,-0.81535265
3.958153,-0.62358767,1,-1.0357544
1.7347108,-0.8204332,0,-0.49292216
1.2622919,-0.17121358,-1,0.95137947
1.3127618,1.243081,0,0.48815373
1.5662578,0.4401703,-1,1.062228
0.23365131,0.68505129,0,-0.10431165
3.6984148,0.25331672,-1,-0.73205252
0.59365128,-0.65216806,0,1.6771463
2.2922685,0.11454023,0,-0.91811197
0.94956026,1.8032038,1,0.070778049
2.3500249,0.3491951,-1,1.4772967
1.7038785,1.3368472,0,0.13509384
3.3898569,0.67142932,0,0.3584432
2.2521686,-0.1259891,1,0.65789403
2.2475022,1.5300244,0,0.09588742
2.0994764,0.19142337,0,0.62121595
1.8600307,2.0795382,1,-0.31200418
3.115254,-1.0181152,-1,-1.1956927
1.8050335,0.62963085,1,-2.2496729
2.6267866,0.092839332,1,-0.38360871
2.3970652,-0.26291769,1,-0.44689022
2.2847258,0.67982501,-1,-1.4822718
1.259205,0.89493386,-1,-0.32898485
1.1761572,-0.39136117,1,-0.3689722
3.3503304,-0.98899468,0,0.26727639
0.096541464,-1.7380964,0,0.56807749
2.7505949,1.4632663,0,-0.72122051
1.9402725,-1.9456342,0,-0.000513419
2.3038014,0.7706123,1,0.98404069
1.9509486,-0.4215082,1,-0.37969896
1.7464882,-1.0928695,-1,-0.58598517
1.7699897,1.1447425,0,-0.60499437
1.9492599,0.82961503,1,-1.5826941
1.9357208,-0.1359814,-1,1.8246204
0.76548983,0.21616724,0,0.88606828
2.1941843,-0.74480838,-1,0.23647162
3.0100508,-0.27628687,-1,0.44031537
3.3627811,0.55349272,0,-0.71978332
1.7903224,0.16173062,1,0.63992128
2.1813939,-1.0773994,0,-0.50553884
1.1927714,-1.282463,1,0.77729462
3.1901136,0.60828599,-1,0.58730973
0.67441102,1.4547589,0,-1.4620604
0.4872425,-0.18464088,1,-0.89632088
0.40944269,1.4306863,-1,0.24510725
0.37933729,-1.5909365,0,0.94756164
2.3597247,-0.003714089,1,1.8202549
0.72213272,0.13210101,1,-0.319181
1.4010372,-1.1368852,0,-0.31187573
3.4132542,-0.72357506,-1,-1.0157906
2.8137192,1.0058514,0,-0.51770659
2.573288,-0.54826245,1,0.36192735
3.0711933,0.40562996,-1,-1.8938586
2.5704609,1.6458581,-1,-1.0623636
1.5134581,-1.0371231,1,-0.93748914
2.9856027,-0.075034546,0,-0.23504784
2.2372766,0.81438424,0,0.33723193
1.6333212,-0.75983063,0,0.57703744
1.205155,0.22803908,-1,0.145913
2.9187977,-0.78237037,-1,0.007132078
1.6086423,-0.78037711,-1,1.3160652
2.0969627,-0.18898256,0,2.8722165
0.83435162,0.9449333,-1,0.25434735
2.7836376,0.74273894,-1,-0.68757509
2.4636028,-0.92344207,1,-0.62646051
2.6868854,-1.4502209,0,0.15504327
1.9957775,2.5252324,1,-1.3694201
3.7430607,0.84632207,1,-1.2615796
2.1433809,2.8604193,0,-0.47494607
3.2371471,0.069248939,-1,0.23539162
2.1690415,-0.20127095,0,-0.63270476
2.2111631,0.16957947,-1,1.238104
2.8144462,0.97178175,1,-0.66992156
2.2669676,-1.0048901,-1,-1.4219167
1.1684993,-2.887722,0,1.7498813
2.2924376,-0.71529652,0,-2.3649711
0.99648843,0.66225552,-1,0.82977261
0.35557029,0.067053245,1,-1.4765277
1.8943203,0.077984873,0,-0.58537222
3.4324522,0.28632256,1,-0.006039176
0.33070293,0.051991197,1,-0.60467799
2.8164146,0.79754518,0,-0.38488149
0.40180054,1.4035276,-1,1.8107912
1.0030234,0.13360853,-1,0.91677567
2.0004005,0.28873198,1,-0.077784708
2.4060219,0.013432005,-1,-0.5779701
3.4414496,1.4444661,-1,-0.90101633
1.1254381,0.63996174,-1,1.1235723
1.8339804,0.43049933,0,0.63971503
2.699394,-0.22917031,0,-1.0309005
2.6393319,0.97980759,1,0.96417216
1.8520639,1.6193643,1,1.6760481
3.6771211,-0.83495169,0,-0.26749958
1.8635269,-1.7295856,1,-0.58257727
1.6905714,0.64716874,1,1.0938821
1.8118005,0.075659566,-1,-0.14119949
3.3356465,-0.7205245,1,0.37103912
3.5914408,-0.70040649,1,-0.45019046
1.4534863,0.044336327,0,0.090840247
3.0101119,1.243081,1,-0.074049974
2.7643145,0.57314539,-1,-1.1574541
1.140931,-1.2220344,0,0.53090827
2.6689012,1.1973466,1,0.18024162
1.2490638,-1.112414,0,0.50068241
1.9058973,-1.0019087,0,-0.8907934
2.9486869,-2.3703861,0,0.061674525
1.9474334,0.22374268,0,-0.92301074
1.7399536,-0.31574054,0,0.06201219
3.1134489,-0.38228742,0,-1.0465366
3.2207475,-0.8458411,0,-2.120541
1.3936325,1.8481469,-1,0.12981638
0.32648617,-0.11456683,-1,-1.5214492
2.6169961,0.17695441,0,0.003358418
2.4515674,0.99901856,1,1.22404
0.66058366,-0.38188761,1,1.6603214
1.812828,0.16534302,1,1.3836582
1.8027101,-0.54353516,-1,-0.82505502
2.8902553,0.30696109,-1,1.3852963
3.9856225,0.92666739,-1,-0.37544151
2.158653,0.3807633,-1,0.65210792
2.1580956,0.62246828,-1,0.047683455
0.93245138,-0.70668217,-1,0.47552731
1.2648517,-1.9872406,1,-0.21789822
1.7121434,1.0061695,1,-0.066656799
1.7201888,-0.48901628,1,-1.8559055
1.1048336,-0.20245785,-1,1.1753479
1.1270084,-0.54762202,0,-0.3874268
3.4166757,0.45370129,-1,-0.88733894
2.7626843,-0.006590042,1,-0.052666794
1.6183879,-1.6432697,1,1.4427517
1.6090794,0.35295363,-1,0.61673009
2.0581119,-0.36077975,0,-0.082490412
1.4055252,0.37570544,-1,0.22491083
1.6230102,-0.42196189,1,1.0162078
1.7510872,-0.002429468,0,0.83197975
2.6246041,1.4591472,0,-0.23282909
1.9080818,0.3007942,-1,0.5621819
3.9978379,-0.077641449,1,0.30262416
2.5333901,-0.71540714,-1,-0.46821406
3.9640983,0.19131476,-1,2.0199261
2.9188454,-0.096386831,1,-0.77750217
4.0092358,-0.46172333,-1,0.72751475
1.0641808,0.55722419,-1,-0.83184636
1.4028249,0.62010051,0,0.31536211
2.2903096,0.70368381,-1,0.38043345
1.6917122,0.89542012,1,-0.70196113
3.0577837,0.13259334,1,0.10668561
2.2281612,-0.3338942,1,1.1884319
2.9430698,0.2231858,1,0.57107907
1.2753829,0.10392804,0,-0.057181662
2.0527092,0.51910745,0,-0.72812355
3.3133112,-3.1346214,0,-0.59649248
2.4375962,-0.2624025,-1,0.38069156
4.0598016,-0.13470086,0,0.41319076
2.6061538,-1.2329199,-1,-1.3895508
4.4515502,-0.16903693,0,-0.18846572
2.6489995,0.81182001,0,-0.55678075
3.467806,-0.15335909,-1,-2.2775395
1.4103157,-0.5902295,0,-1.8050969
1.2396799,-0.81145351,-1,1.3770785
1.2632454,0.042158091,0,0.86138565
0.50089557,1.2645175,1,0.61958444
2.968226,1.1048317,0,-0.56616163
2.3819558,0.70677115,-1,0.96904588
2.9550373,-0.054848783,1,1.6103201
1.8320985,0.58924531,0,-1.2324089
3.1257423,-1.5489742,1,0.44587319
1.6582799,0.47186981,-1,0.23048718
2.7514946,0.37886059,0,0.73226968
1.2009022,-1.9456715,1,0.20377099
1.6291362,-0.26587031,1,2.0310719
2.1719198,-0.048731344,1,-0.60671121
1.685826,-0.68899421,-1,-1.1448865
2.9117576,1.6132682,-1,-1.2067413
1.9579687,-2.0889645,-1,-1.6123255
2.8035829,-0.49036232,1,-0.92713266
3.1552278,-1.1571554,-1,0.010298714
1.068107,0.069956282,0,-1.9415672
0.94384857,0.44210328,0,-0.77387113
0.66593619,1.2405275,1,1.1840954
0.35693057,2.5554169,-1,0.52746127
2.5091112,1.1432481,-1,0.24574276
2.4257496,0.9421495,0,0.26703944
0.665098,-0.55090691,0,-0.89462888
1.0429713,-1.0422433,1,0.57849151
2.8147029,0.35559896,-1,-0.47769624
2.9514923,-1.1209409,1,-0.27540746
1.5460751,-0.64928315,1,1.1430197
2.9109762,-0.92860271,0,-0.38298819
1.3998723,0.14458629,-1,-0.28838196
1.2079828,0.51678173,1,-1.3111023
1.9364306,-0.032701206,1,-1.5088339
1.008852,-0.81554469,0,0.14895533
1.2096012,-0.15917042,0,-1.1256617
3.4983859,-1.0993814,1,0.61134399
0.34661447,1.2948627,0,1.9876447
0.73359397,0.61613836,1,0.37942281
1.817795,-0.96669971,0,-0.001324534
1.463401,-0.78696031,0,-0.023586136
2.6178907,1.6577223,1,0.65077478
1.8305258,-0.19572687,0,-0.84460826
1.5070372,-0.28442772,-1,-0.82670829
1.7610806,-1.6657494,0,0.15800293
2.0601359,0.93663769,-1,0.48789622
1.0818629,-0.96471923,0,0.22911741
3.8262385,1.6573034,0,0.86400288
1.9159311,0.36345343,1,0.8610241
2.7262866,-0.35970816,0,-1.110439
3.2736311,1.1436125,1,-1.093463
1.8915354,-1.1909589,0,1.4901386
2.0373355,0.14774469,1,-0.49477312
1.794521,0.67958229,0,0.64254114
0.93413108,0.63584763,-1,1.1317483
2.7345842,0.63508156,0,0.42664396
1.9841425,1.7517236,0,0.37695915
2.1532127,0.76513822,0,1.8738966
3.5285325,-1.1131146,-1,-0.48980114
2.8020409,-1.0912938,0,-0.67067896
2.6836085,-1.0807696,1,0.27953684
2.5090288,-3.4059032,0,0.73623192
1.0944778,0.85860363,1,0.066399913
3.5808643,-0.39354256,0,0.87523838
1.1861369,0.61933106,-1,0.86518599
3.9644953,0.93426997,1,-0.13352038
1.8295048,-1.5876658,-1,-0.41920955
1.6903297,0.8037178,0,0.83461366
2.1102097,-0.51153765,0,0.88515565
0.72234519,-0.55586771,0,0.54036914
1.7468282,0.44740554,0,0.38178058
3.4980506,-0.56902279,-1,-0.69754609
1.720816,-0.61533573,0,-0.30124879
2.386328,1.3974697,0,-0.24547812
2.547988,-0.21173163,0,-0.24963392
1.7383369,1.8462334,-1,-0.18774698
0.51956049,0.54898138,-1,0.77763681
2.3198979,1.1858882,1,-0.69400718
3.3865887,0.27128855,1,-1.5223896
1.7031927,1.3723262,-1,-1.0471928
0.66323503,1.3146534,-1,0.5444697
1.621387,-0.29907642,0,-0.86228875
2.8045406,1.0438755,-1,0.57423174
3.8982739,-0.97543723,1,-1.5005848
1.9694013,0.36284112,1,0.14569656
0.7778334,2.273912,0,1.3028776
1.5377737,0.47720629,0,-0.32500183
0.48099555,0.19670406,-1,1.2287522
0.87794345,0.92829806,1,-0.27945813
2.7762189,0.65365901,0,0.33595211
2.3928862,1.3543339,0,0.35689075
2.5547063,0.023686389,0,0.072665769
2.4682903,1.2417921,-1,0.20809428
3.8037235,-1.8245767,-1,-0.02512737
0.72851311,0.60151827,1,-0.19539027
1.8314995,-1.2572162,-1,0.88073969
2.0833659,0.60151817,-1,-0.037313059
1.5810162,0.32825703,0,-1.4377945
0.92479991,0.2918207,0,-0.27367419
0.82370119,-0.80393441,0,0.86374608
2.2782725,-0.38297354,0,-0.039610952
3.4184072,-0.74841037,-1,-1.0267038
3.4045684,0.67253631,1,-0.44650254
1.3461008,-0.25490138,1,-1.5272526
2.0474941,-0.19659387,0,-1.1662852
3.983415,-0.34016566,0,-0.86438686
0.47918844,-0.088947998,-1,-0.096565696
2.8524671,0.34307231,0,0.12673903
1.9870126,-0.18876583,0,0.39453479
0.6718842,0.58676597,0,-0.88110257
1.6753247,-1.2005583,0,-1.5747465
2.0690278,-0.24287349,-1,-1.4401497
1.6483041,-0.19359202,1,0.62572551
2.9297575,-1.0608644,1,-0.66967528
2.2322739,0.90696779,1,0.40374947
1.2938708,0.56699287,0,0.16537881
1.8203076,0.52904199,1,-0.7429878
2.188305,-0.30819875,0,-1.3220988
2.5863025,1.1492964,1,0.55401522
2.9973925,-0.49223006,0,-0.16771748
3.8037334,1.6928718,-1,-1.4848431
2.3386299,0.29470668,1,1.3330532
1.8529318,0.76915675,-1,1.6364519
0.60938228,-0.33248314,0,1.1560972
2.5895685,-0.34394971,-1,-0.45696989
2.1921892,1.329096,1,-0.18835729
0.96824508,-0.23894399,0,-0.042630241
1.1271547,0.76755037,1,2.2133068
1.4924047,0.056264972,-1,0.46641573
3.8254898,-1.4339884,-1,0.049956393
3.4367543,0.708943,1,0.25243613
2.0077181,0.047772032,-1,0.22590653
2.063543,-0.33021824,-1,0.53149091
2.2251008,0.035442177,0,0.89019715
1.9265149,-1.0908423,1,-0.14155387
2.5725019,-2.0636929,1,1.4267194
3.8027881,0.87261204,0,0.29879717
3.4119793,-0.30910291,1,-0.93045079
1.6399382,-1.1171978,-1,0.57624682
2.4550912,-0.46516768,0,-0.23478745
1.5809915,-0.55538441,0,-1.0526965
-1.2595657,0.42737554,0,0.99084812
2.3494732,0.33527995,1,-2.3543481
2.3281334,0.56800916,0,0.58960942
1.5814936,-0.20551625,1,-0.029552603
3.1765689,-0.18382156,-1,-2.0595026
2.6648477,1.7289668,0,-0.74690938
2.8198348,1.1627431,-1,-0.72024723
2.4157494,0.99005591,-1,1.1158915
2.4630549,0.71845187,-1,0.34190055
1.5377293,0.087773699,-1,0.22147201
3.0105462,-1.4134902,1,0.14111959
0.46040818,-0.18946505,1,0.051400866
1.7953595,2.2296063,0,1.2143055
1.0612618,-0.24452306,1,0.8130412
1.7167881,-1.6111198,-1,1.2578067
1.5364096,-0.71336442,0,0.16150732
1.5107028,-0.90988531,1,-1.1314097
3.8138357,-1.3284869,1,1.5236722
1.7225796,0.13564993,0,-0.74818442
1.4439238,-1.5674716,1,-0.48871399
1.8282985,-1.480934,0,1.897661
2.7806947,-0.31975197,0,-0.78875175
2.0024772,2.9742637,0,-1.2215726
3.6591744,-0.82022614,0,-0.76547845
0.81885689,1.1082885,1,0.5261734
4.3333054,-0.59503158,0,0.30034776
1.544398,0.83759207,0,0.26083064
0.064967486,-1.9952681,1,0.79873698
1.6332121,0.9794845,-1,-0.97723863
2.1588793,-0.75928728,1,-0.79585601
2.169915,-0.98335889,0,-0.44472226
2.5402043,-0.87860824,-1,-0.99555956
1.4476203,-1.5702868,-1,0.87824093
3.9367198,-0.39042972,-1,-1.0073546
1.274271,0.70630784,0,-1.2442072
0.88574115,1.2056654,1,-1.0195433
0.97495748,0.24029161,-1,-0.8184645
